SLC45A1	rs10864360
PRUNE1	rs35665093
CAMTA1	rs10864360
OTUD7B	rs35665093
TPM3	rs535153283
FCGR2A	rs2070901
DNM3	rs78037977
TNFSF18	rs11811856
PPP1R12B	rs12023876
PER3	rs10864360
TNFRSF9	rs10864360
RERE	rs10864360
GPR157	rs10864360
H6PD	rs10864360
VPS45	rs35665093
RPRD2	rs35665093
TARS2	rs35665093
ENSA	rs35665093
CTSS	rs35665093
CTXND2	rs35665093
ZNF687	rs35665093
POGZ	rs55875222
TUFT1	rs55875222
SNX27	rs55875222
RORC	rs55875222
FLG-AS1	rs138726443
CHTOP	rs535153283
GATAD2B	rs535153283
NUP210L	rs535153283
COPA	rs2070901
CD244	rs2070901
PFDN2	rs2070901
ATF6	rs2070901
NOS1AP	rs2070901
LOC100506023	rs11811856
LOC101928673	rs11811856
SLC9C2	rs11811856
DARS2	rs11811856
RC3H1	rs11811856
RABGAP1L	rs11811856
LGR6	rs12023876
SYT2	rs12023876
KDM5B	rs12023876
PPFIA4	rs12023876
ATP2B4	rs12023876
ZC3H11A	rs12023876
SOX13	rs12023876
VAMP3	rs10864360
UTS2	rs10864360
PARK7	rs10864360
ERRFI1	rs10864360
LINC01714	rs10864360
RERE-AS1	rs10864360
SNORD128	rs10864360
ENO1	rs10864360
MIR6728	rs10864360
ENO1-AS1	rs10864360
CA6	rs10864360
SLC2A7	rs10864360
SLC2A5	rs10864360
MIR34AHG	rs10864360
MIR34A	rs10864360
LNCTAM34A	rs10864360
SPSB1	rs10864360
LINC02606	rs10864360
SLC25A33	rs10864360
TMEM201	rs10864360
H2BC21	rs35665093
H2AC20	rs35665093
H2AC21	rs35665093
BOLA1	rs35665093
SV2A	rs35665093
SF3B4	rs35665093
MTMR11	rs35665093
PLEKHO1	rs35665093
LOC105371433	rs35665093
ANP32E	rs35665093
CA14	rs35665093
SNORD13C	rs35665093
APH1A	rs35665093
C1orf54	rs35665093
CIART	rs35665093
MRPS21	rs35665093
PRPF3	rs35665093
MIR6878	rs35665093
ECM1	rs35665093
FALEC	rs35665093
ADAMTSL4	rs35665093
MIR4257	rs35665093
ADAMTSL4-AS1	rs35665093
MCL1	rs35665093
GOLPH3L	rs35665093
HORMAD1	rs35665093
CTSK	rs35665093
ARNT	rs35665093
SETDB1	rs35665093
CERS2	rs35665093
ANXA9	rs35665093
MINDY1	rs35665093
BNIPL	rs35665093
C1orf56	rs35665093
CDC42SE1	rs35665093
MLLT11	rs35665093
GABPB2	rs35665093
SEMA6C	rs35665093
TNFAIP8L2	rs35665093
TNFAIP8L2-SCNM1	rs35665093
LYSMD1	rs35665093
SCNM1	rs35665093
TMOD4	rs35665093
VPS72	rs35665093
PIP5K1A	rs35665093
PSMD4	rs35665093
ZNF687-AS1	rs35665093
PI4KB	rs35665093
RFX5	rs55875222
GBAT2	rs55875222
SELENBP1	rs55875222
PSMB4	rs55875222
CGN	rs55875222
MIR554	rs55875222
CELF3	rs55875222
RIIAD1	rs55875222
MRPL9	rs55875222
OAZ3	rs55875222
TDRKH	rs55875222
TDRKH-AS1	rs55875222
LINGO4	rs55875222
C2CD4D	rs3828058
C2CD4D-AS1	rs3828058
THEM5	rs4845604
THEM4	rs71625139
S100A10	rs71625139
NBPF18P	rs71625139
S100A11	rs71625139
LOC100131107	rs1552994
TCHHL1	rs1552994
TCHH	rs1552994
RPTN	rs1552994
HRNR	rs1552994
FLG	rs150597413
FLG2	rs61816761
CRNN	rs61816761
LCE5A	rs1199156
CRCT1	rs1199156
LCE3E	rs1199156
LCE3D	rs1199156
LCE3C	rs1199156
LCE3B	rs1199156
LCE3A	rs1199156
LINC00302	rs1199156
LCE2D	rs1199156
LCE2C	rs72702900
LCE2B	rs72702900
LCE2A	rs72702900
LCE4A	rs72702900
C1orf68	rs72702900
KPRP	rs72702900
LCE1F	rs72702900
LCE1E	rs72702900
LCE1D	rs72702900
LCE1C	rs72702900
LCE1B	rs72702900
LCE1A	rs72702900
LCE6A	rs72702900
SMCP	rs72702900
IVL	rs115813648
SPRR4	rs115813648
SPRR1A	rs115813648
SPRR3	rs115813648
SPRR1B	rs115813648
SPRR2D	rs115813648
SPRR2A	rs115813648
SPRR2B	rs535153283
SPRR2E	rs535153283
SPRR2F	rs535153283
SPRR2C	rs535153283
SPRR2G	rs535153283
LOC101928009	rs535153283
LELP1	rs535153283
PRR9	rs535153283
LOR	rs535153283
PGLYRP3	rs535153283
PGLYRP4	rs535153283
S100A9	rs535153283
S100A12	rs535153283
S100A8	rs535153283
S100A7A	rs535153283
S100A7	rs535153283
S100A6	rs535153283
S100A5	rs535153283
S100A4	rs535153283
LOC101928034	rs535153283
S100A3	rs535153283
S100A2	rs535153283
S100A16	rs535153283
S100A14	rs535153283
S100A13	rs535153283
S100A1	rs535153283
SNAPIN	rs535153283
ILF2	rs535153283
NPR1	rs535153283
MIR8083	rs535153283
INTS3	rs535153283
SLC27A3	rs535153283
LOC343052	rs535153283
DENND4B	rs535153283
CRTC2	rs535153283
SLC39A1	rs535153283
MIR6737	rs535153283
CREB3L4	rs535153283
JTB	rs535153283
RAB13	rs535153283
RPS27	rs535153283
MIR5698	rs535153283
DCAF8	rs2070901
LOC100287049	rs2070901
PEX19	rs2070901
SUMO1P3	rs2070901
NCSTN	rs2070901
NHLH1	rs2070901
VANGL2	rs2070901
SLAMF6	rs2070901
CD84	rs2070901
SLAMF1	rs2070901
CD48	rs2070901
SLAMF7	rs2070901
LY9	rs2070901
ITLN1	rs2070901
LOC101928372	rs2070901
ITLN2	rs2070901
F11R	rs2070901
TSTD1	rs2070901
USF1	rs2070901
ARHGAP30	rs2070901
NECTIN4	rs2070901
KLHDC9	rs2070901
NIT1	rs2070901
DEDD	rs2070901
LOC112543491	rs2070901
UFC1	rs2070901
USP21	rs2070901
PPOX	rs2070901
B4GALT3	rs2070901
ADAMTS4	rs2070901
NDUFS2	rs2070901
FCER1G	rs2070901
APOA2	rs2070901
TOMM40L	rs2070901
MIR5187	rs2070901
NR1I3	rs2070901
PCP4L1	rs2070901
MPZ	rs2070901
SDHC	rs2070901
CFAP126	rs2070901
HSPA6	rs2070901
FCGR3A	rs2070901
FCGR2C	rs2070901
HSPA7	rs2070901
FCGR3B	rs2070901
FCGR2B	rs2070901
RPL31P11	rs2070901
FCRLA	rs2070901
FCRLB	rs2070901
DUSP12	rs2070901
OLFML2B	rs2070901
MIR4654	rs2070901
EEF1AKNMT	rs78037977
DNM3-IT1	rs78037977
DNM3OS	rs78037977
MIR214	rs78037977
MIR3120	rs78037977
MIR199A2	rs78037977
C1orf105	rs78037977
PIGC	rs78037977
SUCO	rs78037977
FASLG	rs78037977
TNFSF4	rs11811856
PRDX6	rs11811856
ANKRD45	rs11811856
TEX50	rs11811856
KLHL20	rs11811856
CENPL	rs11811856
GAS5-AS1	rs11811856
GAS5	rs11811856
SNORD81	rs11811856
SNORD47	rs11811856
SNORD80	rs11811856
SNORD79	rs11811856
SNORD78	rs11811856
SNORD44	rs11811856
SNORA103	rs11811856
SNORD77	rs11811856
SNORD76	rs11811856
SNORD75	rs11811856
SNORD74	rs11811856
ZBTB37	rs11811856
SERPINC1	rs11811856
RABGAP1L-DT	rs11811856
PTPN7	rs12023876
PTPRVP	rs12023876
UBE2T	rs12023876
PCAT6	rs12023876
MGAT4EP	rs12023876
LOC148709	rs12023876
RABIF	rs12023876
KLHL12	rs12023876
ADIPOR1	rs12023876
CYB5R1	rs12023876
MGAT4FP	rs12023876
TMEM183A	rs12023876
MYOG	rs12023876
MYOPARR	rs12023876
ADORA1	rs12023876
MYBPH	rs12023876
CHI3L1	rs12023876
CHIT1	rs12023876
LINC01353	rs12023876
LINC01136	rs12023876
BTG2	rs12023876
FMOD	rs12023876
PRELP	rs12023876
OPTC	rs12023876
SNORA77	rs12023876
LINC00260	rs12023876
LAX1	rs12023876
ZBED6	rs12023876
SNRPE	rs12023876
LINC00303	rs12023876
ETNK2	rs12023876
ERLNC1	rs12023876
REN	rs12023876
LINC00299	rs13416555
AFF3	rs13022699
TBC1D8	rs13022699
IL1R1	rs17775170
SGPP2	rs6755248
HDLBP	rs12469459
KIDINS220	rs13416555
MBOAT2	rs13416555
LONRF2	rs13022699
PDCL3	rs13022699
NPAS2	rs13022699
CREG2	rs874953
MAP4K4	rs12470864
IL1R2	rs17775170
SLC9A2	rs17775170
TMEM182	rs17775170
PAX3	rs6755248
CT75	rs6755248
FARSB	rs6755248
ACSL3	rs6755248
AP1S3	rs6755248
WDFY1	rs6755248
LOC646736	rs1811711
RHBDD1	rs1811711
COL4A4	rs1811711
COL4A3	rs1811711
MFF	rs1811711
NDUFA10	rs141343442
ANKMY1	rs141343442
GPR35	rs141343442
KIF1A	rs34290285
MAB21L4	rs12469459
SNED1	rs12469459
PPP1R7	rs12469459
FARP2	rs12469459
LOC100506274	rs13416555
LOC101929551	rs13416555
LINC00298	rs13416555
LINC01814	rs13416555
ID2-AS1	rs13416555
ID2	rs13416555
LINC01104	rs13022699
CHST10	rs13022699
NMS	rs13022699
LINC01849	rs13022699
NPAS2-AS1	rs13022699
RPL31	rs13022699
TBC1D8-AS1	rs13022699
CNOT11	rs13022699
SNORD89	rs13022699
RNF149	rs874953
MIR5696	rs874953
RFX8	rs874953
LINC01127	rs10209131
IL1RL2	rs17775170
IL1RL1	rs17775170
IL18R1	rs17775170
IL18RAP	rs17775170
MIR4772	rs17775170
SLC9A4	rs17775170
MFSD9	rs17775170
LINC01796	rs17775170
LINC01935	rs17775170
CCDC140	rs6755248
MOGAT1	rs6755248
KCNE4	rs6755248
SCG2	rs6755248
MIR5702	rs1811711
IRS1	rs1811711
MFF-DT	rs1811711
TM4SF20	rs1811711
MIR5703	rs1811711
AGFG1	rs1811711
C2orf83	rs1811711
LOC729968	rs1811711
SLC19A3	rs1811711
CCL20	rs1811711
DAW1	rs1811711
MIR4786	rs141343442
OR6B2	rs141343442
OR6B3	rs141343442
COPS9	rs141343442
OTOS	rs141343442
GPC1	rs141343442
LOC100130449	rs141343442
MIR149	rs141343442
DUSP28	rs141343442
RNPEPL1	rs141343442
CAPN10-DT	rs141343442
CAPN10	rs141343442
AQP12B	rs141343442
LOC285191	rs141343442
AQP12A	rs141343442
AGXT	rs12469459
CROCC2	rs12469459
LOC200772	rs12469459
MTERF4	rs12469459
PASK	rs12469459
ANO7	rs12469459
SEPTIN2	rs12469459
MIR3133	rs12469459
STK25	rs12469459
BOK-AS1	rs12469459
BOK	rs12469459
THAP4	rs12469459
ATG4B	rs12469459
DTYMK	rs12469459
ING5	rs12469459
D2HGDH	rs12469459
GAL3ST2	rs12469459
NEU4	rs12469459
CLASP2	rs79337446
EEFSEC	rs2999076
COPG1	rs2999076
KCNAB1	rs13097957
SLC66A1L	rs13097957
LINC00578	rs7626218
P3H2	rs55661102
OSBPL10	rs9828592
CMTM8	rs9828592
CNOT10	rs9828592
TRIM71	rs9828592
CRTAP	rs79337446
FBXL2	rs79337446
MGLL	rs2999076
KBTBD12	rs2999076
RUVBL1	rs2999076
RUVBL1-AS1	rs2999076
DNAJB8-AS1	rs2999076
RAB7A	rs2999076
LOC653712	rs2999076
KIAA1257	rs2999076
ISY1-RAB43	rs2999076
RPL32P3	rs2999076
IFT122	rs2999076
LINC00886	rs13097957
LEKR1	rs13097957
VEPH1	rs13097957
PTX3	rs13097957
TBL1XR1	rs7626218
LINC02015	rs7626218
LOC100131635	rs13099273
LPP	rs55661102
TPRG1	rs55661102
TP63	rs55661102
ZNF860	rs9828592
GPD1L	rs9828592
CMTM7	rs9828592
CMTM6	rs9828592
MIR548AY	rs9828592
DYNC1LI1	rs9828592
CCR4	rs9828592
GLB1	rs79337446
TMPPE	rs79337446
SUSD5	rs79337446
UBP1	rs79337446
PDCD6IP	rs79337446
LINC01471	rs2999076
TPRA1	rs2999076
MIR6825	rs2999076
MIR7976	rs2999076
MCM2	rs2999076
PODXL2	rs2999076
ABTB1	rs2999076
SEC61A1	rs2999076
DNAJB8	rs2999076
GATA2	rs2999076
GATA2-AS1	rs2999076
LOC90246	rs2999076
LINC01565	rs2999076
RPN1	rs2999076
MIR12124	rs2999076
ACAD9	rs2999076
EFCC1	rs2999076
GP9	rs2999076
RAB43	rs2999076
ISY1	rs2999076
CNBP	rs2999076
MIR6826	rs2999076
HMCES	rs2999076
H1-10	rs2999076
H1FX-AS1	rs2999076
SNORA7B	rs2999076
EFCAB12	rs2999076
MBD4	rs2999076
GMPS	rs13097957
KCNAB1-AS2	rs13097957
KCNAB1-AS1	rs13097957
SSR3	rs13097957
TIPARP-AS1	rs13097957
TIPARP	rs13097957
PA2G4P4	rs13097957
LINC00880	rs13097957
LINC02029	rs13097957
LINC00881	rs13097957
CCNL1	rs13097957
MIR7977	rs7626218
LINC01208	rs7626218
LINC01209	rs7626218
LINC00501	rs7626218
RTP2	rs13099273
BCL6	rs13099273
LINC01991	rs13099273
LPP-AS2	rs13099273
FLJ42393	rs13099273
LPP-AS1	rs13099273
MIR28	rs13099273
TPRG1-AS1	rs55661102
TPRG1-AS2	rs55661102
MIR944	rs55661102
PRDM5	rs45613035
TMEM155	rs62324212
TBC1D1	rs11096954
KLF3-AS1	rs11096954
KLF3	rs11096954
FAM114A1	rs75983064
KLHL5	rs75983064
WDR19	rs75983064
RFC1	rs75983064
KLB	rs75983064
UGDH-AS1	rs75983064
SMIM14	rs75983064
UBE2K	rs75983064
QRFPR	rs45613035
TRPC3	rs62324212
KIAA1109	rs62324212
ADAD1	rs62324212
IL21-AS1	rs62324212
PGM2	rs11096954
PTTG2	rs11096954
LINC02513	rs11096954
LINC01258	rs11096954
LINC01259	rs11096954
LINC02278	rs11096954
TLR10	rs5743597
TLR1	rs5743597
TLR6	rs75983064
MIR574	rs75983064
TMEM156	rs75983064
MIR5591	rs75983064
RPL9	rs75983064
LIAS	rs75983064
LOC401127	rs75983064
UGDH	rs75983064
NDNF	rs45613035
TNIP3	rs45613035
ANXA5	rs62324212
PP12613	rs62324212
EXOSC9	rs62324212
CCNA2	rs62324212
BBS7	rs62324212
IL2	rs62324212
IL21	rs62324212
ARHGAP26	rs249677
OTULIN	rs16903574
FBXL7	rs16903574
SLC25A46	rs7730817
NREP	rs1837253
SRP19	rs306106
DNAH5	rs16903574
TRIO	rs16903574
ANKH	rs16903574
LINC02149	rs16903574
TMEM232	rs7730817
CAMK4	rs9784725
STARD4-AS1	rs2289278
NREP-AS1	rs7714962
EPB41L4A	rs306106
APC	rs306106
PDLIM4	rs7713065
SLC22A5	rs7713065
TH2LCRR	rs7713065
AFF4	rs7713065
FSTL4	rs13164856
C5orf15	rs72799426
CDKL3	rs72799426
SPRY4-AS1	rs249677
NR3C1	rs249677
SNORD170	rs16903574
OTULINL	rs16903574
SNORD141B	rs16903574
LOC100130744	rs16903574
MIR4637	rs16903574
CTD-2350J17.1	rs16903574
MIR548F3	rs7730817
TSLP	rs7730817
WDR36	rs7730817
STARD4	rs9784725
EPB41L4A-AS1	rs306106
SNORA13	rs306106
LOC101927023	rs306106
EPB41L4A-DT	rs306106
LINC02200	rs306106
LOC102467216	rs306106
REEP5	rs306106
P4HA2-AS1	rs7713065
P4HA2	rs7713065
MIR6830	rs7713065
SLC22A4	rs7713065
MIR3936HG	rs7713065
MIR3936	rs7713065
IRF1-AS1	rs7713065
IRF1	rs7713065
IL5	rs7713065
RAD50	rs7713065
IL13	rs7713065
IL4	rs7713065
LOC105379176	rs7713065
KIF3A	rs7713065
CCNI2	rs7713065
SEPTIN8	rs7713065
SOWAHA	rs7713065
SHROOM1	rs7713065
GDF9	rs7713065
UQCRQ	rs7713065
LEAP2	rs7713065
ZCCHC10	rs7713065
HSPA4	rs7713065
MIR1289-2	rs72799426
WSPAR	rs72799426
LOC105379183	rs72799426
VDAC1	rs72799426
TCF7	rs72799426
SKP1	rs72799426
PPP2CA	rs72799426
MIR3661	rs72799426
UBE2B	rs72799426
CDKN2AIPNL	rs72799426
PCDH1	rs249677
LOC729080	rs249677
DELE1	rs249677
PCDH12	rs249677
RNF14	rs249677
GNPDA1	rs249677
NDFIP1	rs249677
SPRY4	rs249677
SPRY4-IT1	rs249677
FGF1	rs249677
LINC01844	rs249677
ARHGAP26-AS1	rs249677
ARHGAP26-IT1	rs249677
MIR5197	rs249677
GGNBP1	rs62407927
LINC00336	rs62407927
CDKAL1	rs6905736
MICB-DT	rs2855811
ANKRD6	rs6908626
MAP3K7	rs6908626
CRYBG1	rs9372120
ARHGAP18	rs529876593
LOC101928519	rs6905736
LOC100506885	rs6905736
MBOAT1	rs6905736
E2F3	rs6905736
ZNF311	rs13203830
LOC101929006	rs13203830
ZNRD1ASP	rs13203830
HCG17	rs13203830
HCG18	rs13203830
ABCF1	rs34853064
MDC1	rs34853064
MDC1-AS1	rs34853064
MSH5	rs1799964
MSH5-SAPCD1	rs1799964
EHMT2	rs1799964
TSBP1-AS1	rs2395141
BTNL2	rs78546106
SMIM40	rs62407927
ZBTB9	rs62407927
GRM4	rs62407927
HMGA1	rs62407927
NUDT3	rs62407927
RPS10-NUDT3	rs62407927
PACSIN1	rs62407927
RNGTT	rs207270
GABRR1	rs207270
UBE2J1	rs207270
MDN1	rs6908626
CASP8AP2	rs6908626
BACH2	rs6908626
HACE1	rs35342892
LIN28B	rs35342892
PREP	rs35342892
ATG5	rs9372120
QRSL1	rs9372120
LINC02532	rs9372120
ECHDC1	rs6918558
SOGA3	rs6918558
THEMIS	rs55743914
PTPRK	rs529876593
LAMA2	rs529876593
LOC105374960	rs6905736
ID4	rs6905736
HCG15	rs13203830
LOC100129636	rs13203830
OR2W1	rs13203830
OR2B3	rs13203830
OR2J1	rs13203830
OR2J3	rs13203830
OR2J2	rs13203830
OR14J1	rs13203830
OR5V1	rs13203830
OR12D3	rs13203830
OR12D2	rs13203830
OR12D1	rs13203830
OR11A1	rs13203830
OR10C1	rs13203830
OR2H1	rs13203830
MAS1L	rs13203830
LINC01015	rs13203830
UBD	rs13203830
SNORD32B	rs13203830
OR2H2	rs13203830
GABBR1	rs13203830
MOG	rs13203830
ZFP57	rs13203830
HLA-F	rs13203830
HLA-F-AS1	rs13203830
IFITM4P	rs13203830
HCG4	rs13203830
HLA-V	rs13203830
HLA-G	rs13203830
HCP5B	rs13203830
HLA-H	rs13203830
HCG4B	rs13203830
HLA-A	rs13203830
HCG9	rs13203830
HLA-J	rs13203830
ZNRD1	rs13203830
PPP1R11	rs13203830
RNF39	rs13203830
TRIM31	rs13203830
TRIM31-AS1	rs13203830
TRIM40	rs13203830
TRIM10	rs13203830
TRIM15	rs13203830
TRIM26	rs13203830
HLA-L	rs13203830
TRIM39	rs13203830
TRIM39-RPP21	rs13203830
RPP21	rs13203830
HLA-E	rs34853064
LINC02569	rs34853064
GNL1	rs34853064
PRR3	rs34853064
MIR877	rs34853064
PPP1R10	rs34853064
MRPS18B	rs34853064
ATAT1	rs34853064
C6orf136	rs34853064
DHX16	rs34853064
PPP1R18	rs34853064
NRM	rs34853064
TUBB	rs34853064
FLOT1	rs34853064
IER3-AS1	rs34853064
IER3	rs34853064
HCG20	rs34853064
LINC00243	rs34853064
LINC02570	rs34853064
DDR1	rs34853064
MIR4640	rs34853064
GTF2H4	rs34853064
VARS2	rs34853064
SFTA2	rs34853064
MUCL3	rs34853064
HCG21	rs34853064
MUC21	rs34853064
MUC22	rs34853064
HCG22	rs34853064
C6orf15	rs34853064
PSORS1C1	rs34853064
CDSN	rs34853064
PSORS1C2	rs34853064
CCHCR1	rs34853064
TCF19	rs34853064
POU5F1	rs34853064
PSORS1C3	rs34853064
HCG27	rs34853064
HLA-C	rs34853064
LINC02571	rs2855811
HLA-B	rs2855811
MIR6891	rs2855811
MICA-AS1	rs2855811
MICA	rs2855811
LINC01149	rs2855811
HCP5	rs2855811
HCG26	rs2855811
MICB	rs2855811
MCCD1	rs2855811
ATP6V1G2-DDX39B	rs2855811
DDX39B	rs2855812
SNORD117	rs2855811
SNORD84	rs2855812
DDX39B-AS1	rs2855812
ATP6V1G2	rs2855812
NFKBIL1	rs2855812
LOC100287329	rs34492353
LTA	rs34492353
TNF	rs34492353
LTB	rs34492353
LST1	rs34492353
NCR3	rs34492353
AIF1	rs1799964
PRRC2A	rs1799964
SNORA38	rs1799964
MIR6832	rs1799964
BAG6	rs1799964
APOM	rs1799964
C6orf47	rs1799964
GPANK1	rs1799964
CSNK2B	rs1799964
LY6G5B	rs1799964
LY6G5C	rs1799964
ABHD16A	rs1799964
MIR4646	rs1799964
LY6G6F	rs1799964
LY6G6F-LY6G6D	rs1799964
LY6G6E	rs1799964
LY6G6D	rs1799964
LY6G6C	rs1799964
MPIG6B	rs1799964
DDAH2	rs1799964
CLIC1	rs1799964
SAPCD1	rs1799964
SAPCD1-AS1	rs1799964
VWA7	rs1799964
VARS1	rs1799964
LSM2	rs1799964
HSPA1L	rs1799964
HSPA1A	rs1799964
HSPA1B	rs1799964
SNHG32	rs1799964
SNORD48	rs1799964
SNORD52	rs1799964
NEU1	rs1799964
SLC44A4	rs1799964
C2	rs1799964
ZBTB12	rs1799964
C2-AS1	rs1799964
CFB	rs1799964
NELFE	rs1799964
MIR1236	rs1799964
SKIV2L	rs1799964
DXO	rs1799964
STK19	rs1799964
C4A	rs2395141
CYP21A1P	rs2395141
TNXA	rs2395141
C4B	rs2395141
CYP21A2	rs2395141
TNXB	rs2395141
ATF6B	rs2395141
FKBPL	rs2395141
PRRT1	rs2395141
LOC100507547	rs2395141
PPT2	rs2395141
PPT2-EGFL8	rs2395141
EGFL8	rs2395141
AGPAT1	rs2395141
MIR6721	rs2395141
RNF5	rs2395141
MIR6833	rs2395141
AGER	rs2395141
PBX2	rs2395141
GPSM3	rs2395141
NOTCH4	rs2395141
TSBP1	rs78546106
HCG23	rs78546106
HLA-DRA	rs116835963
HLA-DRB5	rs116835963
HLA-DRB6	rs9270911
HLA-DRB1	rs9270911
HLA-DQA1	rs9270911
HLA-DQB1	rs34104805
HLA-DQB1-AS1	rs34104805
HLA-DQA2	rs9275602
MIR3135B	rs9275602
HLA-DQB2	rs9275602
HLA-DOB	rs41288889
TAP2	rs3819720
PSMB8	rs3819720
PSMB8-AS1	rs3819720
TAP1	rs3819720
PSMB9	rs3819720
LOC100294145	rs3819720
HLA-DMB	rs574560492
HLA-DMA	rs574560492
BRD2	rs574560492
HLA-DOA	rs574560492
HLA-DPA1	rs35449774
HLA-DPB1	rs35449774
HLA-DPB2	rs3130169
HCG24	rs3130169
COL11A2	rs3130169
RXRB	rs3130169
SLC39A7	rs3130169
HSD17B8	rs3130169
MIR219A1	rs3130169
RING1	rs3130169
HCG25	rs3130169
VPS52	rs3130169
RPS18	rs3130169
B3GALT4	rs3130169
WDR46	rs3130169
MIR6873	rs3130169
PFDN6	rs3130169
MIR6834	rs3130169
RGL2	rs3130169
TAPBP	rs3130169
ZBTB22	rs62407927
DAXX	rs62407927
KIFC1	rs62407927
PHF1	rs62407927
CUTA	rs62407927
SYNGAP1	rs62407927
MIR5004	rs62407927
BAK1	rs62407927
ITPR3	rs62407927
LOC101929188	rs62407927
UQCC2	rs62407927
MIR3934	rs62407927
IP6K3	rs62407927
LEMD2	rs62407927
MLN	rs62407927
LINC01016	rs62407927
MIR7159	rs62407927
MIR1275	rs62407927
MIR6835	rs62407927
SMIM29	rs62407927
RPS10	rs62407927
LOC101928936	rs207270
PNRC1	rs207270
SRSF12	rs207270
PM20D2	rs207270
GABRR2	rs207270
RRAGD	rs207270
LYRM2	rs6908626
LOC101929057	rs6908626
GJA10	rs6908626
MIR4464	rs6908626
LIN28B-AS1	rs35342892
BVES	rs35342892
BVES-AS1	rs35342892
POPDC3	rs35342892
PRDM1	rs9372120
LOC105377924	rs9372120
RTN4IP1	rs9372120
LINC02526	rs9372120
RSPO3	rs6918558
RNF146	rs6918558
KIAA0408	rs6918558
C6orf58	rs55743914
LOC101928140	rs55743914
LINC01162	rs10244416
TMEM196	rs10262599
LOC101927668	rs10262599
MACC1	rs10262599
MACC1-AS1	rs10262599
ITGB8	rs3757727
ABCB5	rs10244416
SP4	rs10244416
DNAH11	rs6954667
RAPGEF5	rs6954667
KLHL7	rs6954667
IGF2BP3	rs6954667
FAM221A	rs6954667
HIBADH	rs78823938
TSL	rs78823938
TAX1BP1	rs78823938
JAZF1	rs78823938
CREB5	rs78823938
CPVL	rs78823938
TWISTNB	rs10262599
MIR3146	rs10262599
LOC100506098	rs10262599
LOC101927769	rs10262599
LOC101927811	rs3757727
SP8	rs10244416
RPL23P8	rs10244416
MIR1183	rs10244416
CDCA7L	rs6954667
STEAP1B	rs6954667
LOC100506178	rs6954667
LOC401312	rs6954667
IL6-AS1	rs6954667
IL6	rs6954667
TOMM7	rs6954667
SNHG26	rs6954667
SNORD93	rs6954667
FAM126A	rs6954667
KLHL7-DT	rs6954667
NUP42	rs6954667
GPNMB	rs6954667
MALSU1	rs6954667
SNORD65C	rs6954667
RPS2P32	rs6954667
TRA2A	rs6954667
CLK2P1	rs6954667
CCDC126	rs6954667
HOXA1	rs78823938
HOTAIRM1	rs78823938
HOXA2	rs78823938
HOXA3	rs78823938
HOXA-AS2	rs78823938
HOXA4	rs78823938
HOXA-AS3	rs78823938
HOXA5	rs78823938
HOXA6	rs78823938
HOXA7	rs78823938
HOXA9	rs78823938
HOXA10-HOXA9	rs78823938
HOXA10-AS	rs78823938
MIR196B	rs78823938
HOXA10	rs78823938
HOXA11	rs78823938
HOXA11-AS	rs78823938
HOXA13	rs78823938
HOTTIP	rs78823938
EVX1-AS	rs78823938
EVX1	rs78823938
JAZF1-AS1	rs78823938
TRIL	rs78823938
LOC100506497	rs78823938
IL7	rs4739738
LOC101927040	rs4739738
PVT1	rs4733778
PKIA	rs4739738
MRPS28	rs4739738
TPD52	rs4739738
CASC21	rs4733778
CASC8	rs4733778
PKIA-AS1	rs4739738
ZC2HC1A	rs4739738
LOC101241902	rs4739738
LINC02605	rs4739738
MIR12123	rs4739738
STMN2	rs4739738
HEY1	rs4739738
LINC01607	rs4739738
MIR5708	rs4739738
LINC00861	rs13279820
LOC101927657	rs13279820
LRATD2	rs13279820
PCAT1	rs4733778
PCAT2	rs4733778
PRNCR1	rs4733778
CASC19	rs4733778
CCAT1	rs4733778
CCAT2	rs4733778
POU5F1B	rs4733778
CASC11	rs4733778
MYC	rs4733778
MIR1204	rs4733778
ZNF782	rs150707349
RCL1	rs12379291
JAK2	rs12379291
PLGRKT	rs12379291
RIC1	rs12379291
MLANA	rs75557055
UHRF2	rs1929933
GLDC	rs1929933
KDM4C	rs1929933
LINC01239	rs274943
LOC101929563	rs274943
ELAVL2	rs274943
ERCC6L2	rs150707349
LOC158435	rs150707349
SLC35D2	rs150707349
HABP4	rs150707349
CDC14B	rs150707349
MFSD14C	rs150707349
SUGT1P4-STRA6LP	rs150707349
SUGT1P4-STRA6LP-CCDC180	rs150707349
CCDC180	rs150707349
VAV2	rs117137535
RXRA	rs117137535
COL5A1	rs117137535
LOC101448202	rs117137535
KCNT1	rs117137535
MIR101-2	rs12379291
INSL6	rs12379291
INSL4	rs12379291
RLN2	rs12379291
RLN1	rs12379291
CD274	rs12379291
PDCD1LG2	rs12379291
ERMP1	rs12379291
KIAA2026	rs75557055
MIR4665	rs371454
RANBP6	rs371454
IL33	rs55645596
TPD52L3	rs146597587
IZUMO3	rs274943
PTCH1	rs150707349
LOC100507346	rs150707349
LINC00476	rs150707349
LINC00092	rs150707349
LOC158434	rs150707349
HSD17B3	rs150707349
HSD17B3-AS1	rs150707349
ZNF367	rs150707349
PRXL2C	rs150707349
LOC441455	rs150707349
ZNF510	rs150707349
LOC100132781	rs150707349
PTMAP11	rs150707349
NUTM2G	rs150707349
CTSV	rs150707349
GAS2L1P2	rs150707349
ANKRD18CP	rs150707349
MIR1302-8	rs150707349
LOC286359	rs150707349
TDRD7	rs150707349
BRD3OS	rs117137535
BRD3	rs117137535
LOC100130548	rs117137535
WDR5	rs117137535
RNU6ATAC	rs117137535
LINC02247	rs117137535
MIR4669	rs117137535
COL5A1-AS1	rs117137535
MIR3689C	rs117137535
MIR3689A	rs117137535
MIR3689D1	rs117137535
MIR3689B	rs117137535
MIR3689D2	rs117137535
MIR3689E	rs117137535
MIR3689F	rs117137535
FCN2	rs117137535
FCN1	rs117137535
OLFM1	rs117137535
LOC401557	rs117137535
C9orf62	rs117137535
PPP1R26-AS1	rs117137535
PPP1R26	rs117137535
C9orf116	rs117137535
MRPS2	rs117137535
LOC101928525	rs117137535
LCN1	rs117137535
OBP2A	rs117137535
PAEP	rs117137535
LINC01502	rs117137535
GLT6D1	rs117137535
LCN9	rs117137535
SOHLH1	rs117137535
LINC02653	rs7918084
AKR1C4	rs12722547
PFKFB3	rs12722547
SFMBT2	rs10737105
HECTD2-AS1	rs7918084
AKR1C3	rs12722547
TASOR2	rs12722547
PRKCQ	rs10737105
ITIH5	rs7894791
TAF3	rs7894791
LOC101928272	rs17363282
LINC01374	rs7918084
HTR7	rs7918084
RPP30	rs7918084
LOC105378430	rs7918084
PCGF5	rs7918084
HECTD2	rs7918084
TNKS2	rs7918084
AKR1C2	rs12722547
AKR1C8P	rs12722547
LINC02561	rs12722547
UCN3	rs12722547
TUBAL3	rs12722547
NET1	rs12722547
CALML5	rs12722547
CALML3-AS1	rs12722547
CALML3	rs12722547
LINC02657	rs12722547
ASB13	rs12722547
GDI2	rs12722547
ANKRD16	rs12722547
FBH1	rs12722547
IL15RA	rs12722547
IL2RA	rs12722547
RBM17	rs12722547
MIR3155A	rs12722547
MIR3155B	rs12722547
LINC02649	rs10737105
LINC02656	rs10737105
PRKCQ-AS1	rs10737105
LINC02648	rs10737105
LINP1	rs10737105
LINC00706	rs10737105
LINC00707	rs10737105
SNORD129	rs10737105
ITIH2	rs7894791
KIN	rs7894791
ATP5F1C	rs7894791
GATA3-AS1	rs7894791
GATA3	rs7894791
LINC00708	rs7894791
LOC105376398	rs7894791
LINC02676	rs12413578
LINC00709	rs17363282
LINC01375	rs7918084
ANKRD1	rs7918084
XLOC_008559	rs7918084
LINC00502	rs7918084
NUDT9P1	rs7918084
PPP1R3C	rs7918084
TNKS2-AS1	rs7918084
FGFBP3	rs7918084
DGAT2	rs2213020
AMPD3	rs7936275
GALNT18	rs7936275
TMEM151A	rs10791824
AAMDC	rs6592657
INTS4	rs6592657
PHLDB1	rs12365699
NECTIN1	rs497916
SWAP70	rs7936275
SBF2-AS1	rs7936275
SBF2	rs7936275
CAND1.11	rs7936275
MRVI1-AS1	rs7936275
MRVI1	rs7936275
ZBED5	rs7936275
SLC1A2	rs10836538
PAMR1	rs10836538
TRIM44	rs10836538
LDLRAD3	rs10836538
COMMD9	rs10836538
PRR5L	rs10836538
TM7SF2	rs10791824
SLC25A45	rs10791824
MALAT1	rs10791824
TALAM1	rs10791824
FOSL1	rs10791824
PACS1	rs10791824
NPAS4	rs10791824
ACTN3	rs10791824
SPTBN2	rs10791824
C11orf80	rs10791824
PC	rs10791824
MAP6	rs2213020
UVRAG	rs2213020
GUCY2EP	rs2017759
ACER3	rs6592651
CAPN5	rs6592657
GDPD4	rs6592657
PAK1	rs6592657
CLNS1A	rs6592657
RSF1	rs6592657
TMPRSS4	rs12365699
KMT2A	rs12365699
DDX6	rs12365699
CCDC84	rs497916
CBL	rs497916
USP2-AS1	rs497916
LINC02709	rs7936275
LOC101928008	rs7936275
ADM	rs7936275
MTRNR2L8	rs7936275
MIR4485	rs7936275
RNF141	rs7936275
LYVE1	rs7936275
CTR9	rs7936275
EIF4G2	rs7936275
SNORD97	rs7936275
LOC101928053	rs7936275
ZBED5-AS1	rs7936275
CSNK2A3	rs7936275
FJX1	rs10836538
MIR3973	rs10836538
LOC101928510	rs10836538
TRAF6	rs10836538
RAG1	rs10836538
RAG2	rs10836538
C11orf74	rs10836538
ARL2-SNX15	rs10791824
SNX15	rs10791824
SAC3D1	rs10791824
NAALADL1	rs10791824
CDCA5	rs10791824
ZFPL1	rs10791824
TMEM262	rs10791824
VPS51	rs10791824
ZNHIT2	rs10791824
FAU	rs10791824
MRPL49	rs10791824
SYVN1	rs10791824
MIR6751	rs10791824
SPDYC	rs10791824
LOC728975	rs10791824
CAPN1	rs10791824
SLC22A20P	rs10791824
POLA2	rs10791824
CDC42EP2	rs10791824
DPF2	rs10791824
TIGD3	rs10791824
FRMD8	rs10791824
NEAT1	rs10791824
MIR612	rs10791824
LOC101927789	rs10791824
MASCRNA	rs10791824
SCYL1	rs10791824
LTBP3	rs10791824
ZNRD2-AS1	rs10791824
ZNRD2	rs10791824
FAM89B	rs10791824
EHBP1L1	rs10791824
KCNK7	rs10791824
MAP3K11	rs10791824
PCNX3	rs10791824
MIR4690	rs10791824
SIPA1	rs10791824
MIR4489	rs10791824
RELA	rs10791824
KAT5	rs10791824
RNASEH2C	rs10791824
AP5B1	rs10791824
OVOL1	rs10791824
OVOL1-AS1	rs10791824
SNX32	rs10791824
CFL1	rs10791824
MUS81	rs10791824
EFEMP2	rs10791824
CTSW	rs10791824
FIBP	rs10791824
CCDC85B	rs10791824
C11orf68	rs10791824
DRAP1	rs10791824
TSGA10IP	rs10791824
SART1	rs10791824
EIF1AD	rs10791824
BANF1	rs10791824
CST6	rs10791824
CATSPER1	rs10791824
GAL3ST3	rs10791824
SF3B2	rs10791824
SNORD13F	rs10791824
KLC2	rs10791824
RAB1B	rs10791824
CNIH2	rs10791824
YIF1A	rs10791824
CD248	rs10791824
RIN1	rs10791824
BRMS1	rs10791824
B4GAT1	rs10791824
LOC102724064	rs10791824
SLC29A2	rs10791824
MRPL11	rs10791824
PELI3	rs10791824
LOC101928069	rs10791824
DPP3	rs10791824
BBS1	rs10791824
ZDHHC24	rs10791824
CTSF	rs10791824
CCDC87	rs10791824
CCS	rs10791824
RBM14-RBM4	rs10791824
RBM14	rs10791824
RBM4	rs10791824
RBM4B	rs10791824
RCE1	rs10791824
LRFN4	rs10791824
MIR3163	rs10791824
C11orf86	rs10791824
SYT12	rs10791824
MOGAT2	rs2213020
LOC283214	rs2213020
UVRAG-DT	rs2213020
WNT11	rs2213020
THAP12	rs2213020
GVQW3	rs2213020
EMSY	rs2213020
LRRC32	rs61892804
TSKU	rs7106446
LOC101928837	rs7106446
B3GNT6	rs6592657
OMP	rs6592657
MYO7A	rs6592657
LOC646029	rs6592657
AQP11	rs6592657
IL10RA	rs12365699
SMIM35	rs12365699
SCN4B	rs12365699
SCN2B	rs12365699
JAML	rs12365699
MPZL3	rs12365699
MPZL2	rs12365699
CD3E	rs12365699
CD3D	rs12365699
CD3G	rs12365699
UBE4A	rs12365699
LOC100131626	rs12365699
ATP5MG	rs12365699
LOC101929089	rs12365699
TTC36	rs12365699
TMEM25	rs12365699
IFT46	rs12365699
ARCN1	rs12365699
MIR6716	rs12365699
TREH	rs12365699
CXCR5	rs12365699
BCL9L	rs12365699
MIR4492	rs12365699
UPK2	rs12365699
FOXR1	rs12365699
RPL23AP64	rs12365699
RPS25	rs497916
TRAPPC4	rs497916
SLC37A4	rs497916
HYOU1	rs497916
VPS11	rs497916
HMBS	rs497916
H2AX	rs497916
DPAGT1	rs497916
C2CD2L	rs497916
HINFP	rs497916
ABCG4	rs497916
NLRX1	rs497916
PDZD3	rs497916
CCDC153	rs497916
SNORD150	rs497916
MCAM	rs497916
MIR6756	rs497916
RNF26	rs497916
MFRP	rs497916
C1QTNF5	rs497916
USP2	rs497916
THY1	rs497916
LOC102724301	rs497916
LINC02381	rs62623446
NABP2	rs3024971
R3HDM2	rs17547610
GCN1	rs11065286
ATF7-NPFF	rs62623446
ATF7	rs62623446
HOXC9	rs62623446
CBX5	rs62623446
SCAT2	rs62623446
LOC102724050	rs62623446
NCKAP1L	rs62623446
ITGA7	rs705699
TMEM198B	rs705699
MMP19	rs705699
CDK2	rs705699
ERBB3	rs705699
BAZ2A	rs3024971
TAC3	rs17547610
LRP1	rs17547610
LRP1-AS	rs17547610
DCTN2	rs17547610
CCDC60	rs11065286
TMEM233	rs11065286
CIT	rs11065286
BICDL1	rs11065286
RNF10	rs1696390
SPPL3	rs1696390
ANAPC5	rs1696390
KDM2B	rs1696390
ATP5MC2	rs62623446
CALCOCO1	rs62623446
CISTR	rs62623446
HOXC13-AS	rs62623446
HOXC13	rs62623446
HOXC12	rs62623446
HOTAIR	rs62623446
HOXC11	rs62623446
HOXC-AS3	rs62623446
HOXC10	rs62623446
MIR196A2	rs62623446
HOXC-AS2	rs62623446
HOXC-AS1	rs62623446
HOXC8	rs62623446
HOXC6	rs62623446
HOXC5	rs62623446
HOXC4	rs62623446
MIR615	rs62623446
FLJ12825	rs62623446
LOC100240735	rs62623446
LOC100240734	rs62623446
SMUG1	rs62623446
MIR3198-2	rs62623446
HNRNPA1	rs62623446
NFE2	rs62623446
COPZ1	rs62623446
MIR148B	rs62623446
GPR84	rs62623446
ZNF385A	rs62623446
ITGA5	rs62623446
GTSF1	rs62623446
PDE1B	rs62623446
PPP1R1A	rs62623446
GLYCAM1	rs62623446
LACRT	rs62623446
DCD	rs62623446
MUCL1	rs62623446
TESPA1	rs62623446
NEUROD4	rs62623446
OR9K2	rs705699
OR10A7	rs705699
OR6C74	rs705699
OR6C6	rs705699
OR6C1	rs705699
OR6C3	rs705699
OR6C75	rs705699
OR6C65	rs705699
OR6C76	rs705699
OR6C2	rs705699
OR6C70	rs705699
OR6C68	rs705699
OR6C4	rs705699
OR2AP1	rs705699
OR10P1	rs705699
METTL7B	rs705699
BLOC1S1	rs705699
BLOC1S1-RDH5	rs705699
RDH5	rs705699
CD63	rs705699
GDF11	rs705699
SARNP	rs705699
ORMDL2	rs705699
DNAJC14	rs705699
PYM1	rs705699
DGKA	rs705699
PMEL	rs705699
RAB5B	rs705699
SUOX	rs705699
IKZF4	rs705699
LOC105369781	rs705699
RPS26	rs705699
PA2G4	rs705699
RPL41	rs705699
ZC3H10	rs705699
ESYT1	rs705699
MYL6B	rs3024971
MYL6	rs3024971
SMARCC2	rs3024971
RNF41	rs3024971
SLC39A5	rs3024971
ANKRD52	rs3024971
COQ10A	rs3024971
CS	rs3024971
CNPY2	rs3024971
PAN2	rs3024971
IL23A	rs3024971
STAT2	rs3024971
APOF	rs3024971
TIMELESS	rs3024971
MIP	rs3024971
SPRYD4	rs3024971
GLS2	rs3024971
SNORA105C	rs3024971
RBMS2	rs3024971
ATP5F1B	rs3024971
SNORD59B	rs3024971
SNORD59A	rs3024971
PTGES3	rs3024971
NACA	rs3122929
PRIM1	rs17547610
HSD17B6	rs17547610
SDR9C7	rs17547610
RDH16	rs17547610
GPR182	rs17547610
ZBTB39	rs17547610
MYO1A	rs17547610
NEMP1	rs17547610
NAB2	rs17547610
STAT6	rs17547610
MIR1228	rs17547610
NXPH4	rs17547610
SHMT2	rs17547610
NDUFA4L2	rs17547610
STAC3	rs17547610
INHBC	rs17547610
INHBE	rs17547610
GLI1	rs17547610
ARHGAP9	rs17547610
MARS1	rs17547610
MIR6758	rs17547610
DDIT3	rs17547610
MIR616	rs17547610
MBD6	rs17547610
KIF5A	rs17547610
PIP4K2C	rs17547610
DTX3	rs17547610
ARHGEF25	rs17547610
LOC101927583	rs17547610
SLC26A10	rs17547610
B4GALNT1	rs17547610
OS9	rs17547610
AGAP2	rs17547610
AGAP2-AS1	rs17547610
PRKAB1	rs11065286
MIR1178	rs11065286
RAB35	rs11065286
MIR4498	rs11065286
RPLP0	rs11065286
PXN-AS1	rs11065286
PXN	rs11065286
RNU4-2	rs11065286
RNU4-1	rs11065286
SIRT4	rs11065286
PLA2G1B	rs11065286
MSI1	rs11065286
COX6A1	rs11065286
TRIAP1	rs1696390
GATC	rs1696390
SRSF9	rs1696390
DYNLL1	rs1696390
NRAV	rs1696390
COQ5	rs1696390
POP5	rs1696390
CABP1	rs1696390
MLEC	rs1696390
UNC119B	rs1696390
MIR4700	rs1696390
ACADS	rs1696390
XLOC_009911	rs1696390
HNF1A-AS1	rs1696390
HNF1A	rs1696390
C12orf43	rs1696390
OASL	rs1696390
P2RX7	rs1696390
P2RX4	rs1696390
CAMKK2	rs1696390
RNF34	rs1696390
MIR7107	rs1696390
NAA16	rs912425
DOCK9	rs4772189
TPTE2P5	rs912425
ELF1	rs912425
MTRF1	rs912425
VWA8	rs912425
DGKH	rs912425
AKAP11	rs912425
LINC01050	rs912425
FARP1	rs4772189
RNF113B	rs4772189
STK24	rs4772189
SLC15A1	rs4772189
UBAC2	rs4772189
CLYBL	rs4772189
SUGT1P3	rs912425
WBP4	rs912425
MIR3168	rs912425
KBTBD6	rs912425
LOC101929140	rs912425
KBTBD7	rs912425
OR7E37P	rs912425
RGCC	rs912425
MIR5006	rs912425
VWA8-AS1	rs912425
LINC02341	rs912425
TNFSF11	rs912425
FAM216B	rs912425
LINC00428	rs912425
IPO5	rs4772189
MIR3170	rs4772189
STK24-AS1	rs4772189
DOCK9-AS1	rs4772189
DOCK9-DT	rs4772189
UBAC2-AS1	rs4772189
GPR18	rs4772189
GPR183	rs4772189
FKSG29	rs4772189
MIR623	rs4772189
LINC01232	rs4772189
LINC00449	rs4772189
TM9SF2	rs4772189
LINC01039	rs4772189
MIR4306	rs4772189
GPHN	rs2208397
PRORP	rs17103286
RDH11	rs2208397
EAPP	rs17103286
BAZ1A	rs17103286
SRP54-AS1	rs17103286
FAM177A1	rs17103286
PSMA6	rs17103286
RALGAPA1	rs17103286
BRMS1L	rs17103286
MPP5	rs2208397
PLEKHH1	rs2208397
RAD51B	rs2208397
EGLN3	rs17103286
SPTSSA	rs17103286
SNX6	rs17103286
CFL2	rs17103286
LOC112268124	rs17103286
IGBP1P1	rs17103286
SRP54	rs17103286
LOC101927178	rs17103286
PPP2R3C	rs17103286
NFKBIA	rs17103286
INSM2	rs17103286
SNORA101B	rs17103286
FAM71D	rs2208397
ATP6V1D	rs2208397
EIF2S1	rs2208397
PLEK2	rs2208397
MIR5694	rs2208397
TMEM229B	rs2208397
PIGH	rs2208397
ARG2	rs2208397
VTI1B	rs2208397
RDH12	rs2208397
ZFYVE26	rs2208397
LOC100996664	rs2208397
ZFP36L1	rs2208397
KNL1	rs1965139
FAM81A	rs34986765
RORA-AS1	rs34986765
RORA	rs34986765
DENND4A	rs28617673
EIF2AK4	rs1965139
BUB1B	rs1965139
CCDC9B	rs1965139
CHST14	rs1965139
INO80	rs1965139
CHP1	rs1965139
NDUFAF1	rs1965139
RPAP1	rs1965139
MAPKBP1	rs1965139
EHD4	rs1965139
ANXA2	rs34986765
MEGF11	rs28617673
MAP2K1	rs28617673
LCTL	rs28617673
LINC01169	rs28617673
LINC02206	rs10152593
SMAD3	rs10152593
AAGAB	rs10152593
IQCH	rs10152593
IQCH-AS1	rs10152593
MAP2K5	rs10152593
SRP14	rs1965139
SRP14-AS1	rs1965139
BMF	rs1965139
BUB1B-PAK6	rs1965139
PAK6	rs1965139
C15orf56	rs1965139
ANKRD63	rs1965139
PLCB2	rs1965139
INAFM2	rs1965139
PHGR1	rs1965139
DISP2	rs1965139
KNSTRN	rs1965139
IVD	rs1965139
BAHD1	rs1965139
CCDC32	rs1965139
MRPL42P5	rs1965139
RPUSD2	rs1965139
RAD51-AS1	rs1965139
RAD51	rs1965139
RMDN3	rs1965139
GCHFR	rs1965139
DNAJC17	rs1965139
C15orf62	rs1965139
ZFYVE19	rs1965139
PPP1R14D	rs1965139
SPINT1-AS1	rs1965139
SPINT1	rs1965139
RHOV	rs1965139
VPS18	rs1965139
LOC105370943	rs1965139
DLL4	rs1965139
CHAC1	rs1965139
EXD1	rs1965139
OIP5-AS1	rs1965139
OIP5	rs1965139
NUSAP1	rs1965139
RTF1	rs1965139
ITPKA	rs1965139
LTK	rs1965139
TYRO3	rs1965139
MGA	rs1965139
MIR626	rs1965139
JMJD7-PLA2G4B	rs1965139
JMJD7	rs1965139
PLA2G4B	rs1965139
SPTBN5	rs1965139
MIR4310	rs1965139
LOC105370792	rs1965139
EHD4-AS1	rs1965139
GCNT3	rs34986765
GTF2A2	rs34986765
BNIP2	rs34986765
FOXB1	rs34986765
ICE2	rs34986765
RORA-AS2	rs34986765
RAB11A	rs28617673
MIR4311	rs28617673
DIS3L	rs28617673
TIPIN	rs28617673
SCARNA14	rs28617673
SNAPC5	rs28617673
MIR4512	rs28617673
RPL4	rs28617673
SNORD18C	rs28617673
SNORD18B	rs28617673
SNORD16	rs28617673
SNORD18A	rs28617673
ZWILCH	rs28617673
SMAD6	rs28617673
LOC102723493	rs10152593
C15orf61	rs10152593
SKOR1	rs10152593
LOC101929076	rs10152593
RNU6-1	rs10152593
ADCY7	rs2066844
ATF7IP2	rs11648656
LOC400499	rs6498169
SNX29	rs6498169
NSMCE1	rs8052566
SBK1	rs75763833
BANP	rs61584523
GRIN2A	rs11648656
LINC01290	rs11648656
TEKT5	rs11648656
TVP23A	rs11648656
CIITA	rs17804800
CLEC16A	rs17804800
LITAF	rs6498169
TXNDC11	rs6498169
GTF3C1	rs75763833
KIAA0556	rs75763833
GSG1L	rs75763833
XPO6	rs75763833
ZNF423	rs2066844
CNEP1R1	rs2066844
TENT4B	rs2066844
NKD1	rs2066844
FBXO31	rs61584523
JPH3	rs61584523
CA5A	rs61584523
ZNF469	rs61584523
SNAI3-AS1	rs61584523
EMP2	rs11648656
NUBP1	rs11648656
DEXI	rs17804800
SOCS1	rs6498169
TNP2	rs6498169
PRM3	rs6498169
PRM2	rs6498169
PRM1	rs6498169
MIR548H2	rs6498169
LOC105371083	rs6498169
RMI2	rs6498169
LOC101927131	rs6498169
SNN	rs6498169
ZC3H7A	rs6498169
BCAR4	rs6498169
RSL1D1	rs6498169
GSPT1	rs6498169
NPIPB2	rs6498169
TNFRSF17	rs6498169
C16orf82	rs8052566
KDM8	rs8052566
NSMCE1-DT	rs8052566
IL4R	rs75763833
IL21R	rs75763833
IL21R-AS1	rs75763833
LOC100128079	rs75763833
NPIPB6	rs75763833
HEATR3	rs2066844
MIR6771	rs2066844
BRD7	rs2066844
LINC02178	rs2066844
SNX20	rs2066844
LOC101927272	rs2066844
NOD2	rs2066844
CYLD	rs2066844
MIR3181	rs2066844
LINC02168	rs2066844
LINC02127	rs2066844
SALL1	rs2066844
LINC02181	rs61584523
LOC101928708	rs61584523
LOC101928682	rs61584523
C16orf95	rs61584523
LOC101928659	rs61584523
MAP1LC3B	rs61584523
ZCCHC14	rs61584523
LOC101928737	rs61584523
KLHDC4	rs61584523
LOC102724467	rs61584523
SLC7A5	rs61584523
MIR6775	rs61584523
MIR11401	rs61584523
LOC400553	rs61584523
LINC02182	rs61584523
ZFPM1	rs61584523
MIR5189	rs61584523
LOC100128882	rs61584523
ZC3H18-AS1	rs61584523
ZC3H18	rs61584523
IL17C	rs61584523
CYBA	rs61584523
MVD	rs61584523
SNAI3	rs61584523
RNF166	rs61584523
CTU2	rs61584523
PIEZO1	rs61584523
MIR4722	rs61584523
LOC100289580	rs61584523
LOC339059	rs61584523
SMARCE1	rs140907835
EIF1	rs143669790
EZH1	rs11658582
NFE2L1	rs78625142
MBTD1	rs28406364
PSMD3	rs140907835
WIPF2	rs140907835
KRT26	rs140907835
KRTAP1-3	rs75097049
FKBP10	rs59843584
TTC25	rs35142265
STAT5B	rs11658582
STAT3	rs11658582
ATP6V0A1	rs11658582
TUBG1	rs11658582
NBR2	rs11658582
KANSL1	rs1044977
ARL17B	rs1044977
NSF	rs1044977
WNT9B	rs1044977
CDC27	rs1552458
ITGB3	rs10468514
EFCAB13	rs10468514
NPEPPS	rs10468514
KPNB1	rs10468514
SP2	rs78625142
SP2-AS1	rs78625142
SKAP1	rs78625142
LOC101927166	rs78625142
CALCOCO2	rs78625142
LOC102724596	rs56308324
NGFR	rs56308324
SPOP	rs56308324
FAM117A	rs56308324
SPATA20	rs28406364
ABCC3	rs28406364
SPAG9	rs28406364
LINC02072	rs28406364
CA10	rs28406364
CSF3	rs140907835
MED24	rs140907835
MIR6884	rs140907835
SNORD124	rs140907835
THRA	rs140907835
NR1D1	rs140907835
MSL1	rs140907835
CASC3	rs140907835
MIR6866	rs140907835
RAPGEFL1	rs140907835
MIR6867	rs140907835
CDC6	rs140907835
RARA	rs140907835
RARA-AS1	rs140907835
GJD3	rs140907835
TOP2A	rs140907835
IGFBP4	rs140907835
TNS4	rs140907835
CCR7	rs140907835
KRT222	rs140907835
KRT24	rs140907835
KRT25	rs140907835
KRT27	rs140907835
KRT28	rs140907835
KRT10	rs140907835
TMEM99	rs140907835
KRT12	rs140907835
KRT20	rs140907835
KRT23	rs140907835
KRT39	rs140907835
KRT40	rs140907835
KRTAP3-3	rs140907835
KRTAP3-2	rs140907835
KRTAP3-1	rs140907835
KRTAP1-5	rs140907835
KRTAP1-4	rs140907835
KRTAP1-1	rs75097049
KRTAP2-1	rs75097049
KRTAP2-2	rs75097049
KRTAP2-3	rs75097049
KRTAP2-4	rs75097049
KRTAP4-7	rs75097049
KRTAP4-8	rs75097049
KRTAP4-9	rs75097049
KRTAP4-11	rs76144645
KRTAP4-12	rs76144645
KRTAP4-6	rs76144645
KRTAP4-5	rs76144645
KRTAP4-4	rs76144645
KRTAP4-3	rs76144645
KRTAP4-2	rs76144645
KRTAP4-1	rs76144645
KRTAP9-1	rs76144645
KRTAP9-2	rs12600751
KRTAP9-3	rs12600751
KRTAP9-8	rs12600751
KRTAP9-4	rs12600751
KRTAP9-9	rs145835664
KRTAP9-6	rs145835664
KRTAP9-7	rs145835664
KRTAP29-1	rs145835664
KRTAP16-1	rs145835664
KRTAP17-1	rs145835664
KRT33A	rs145835664
KRT33B	rs112037479
KRT34	rs112037479
KRT31	rs112037479
LOC100505782	rs112037479
KRT37	rs112037479
KRT38	rs112037479
KRT32	rs112037479
KRT35	rs112037479
KRT36	rs112037479
KRT13	rs3152
KRT15	rs3152
MIR6510	rs3152
KRT19	rs3152
LINC00974	rs3152
KRT9	rs3764354
KRT14	rs3764354
KRT16	rs3764354
KRT17	rs17676191
KRT42P	rs17676191
GAST	rs11651596
HAP1	rs11651596
JUP	rs150597587
P3H4	rs59843584
NT5C3B	rs141908043
KLHL10	rs141908043
KLHL11	rs2302776
ACLY	rs939348
CNP	rs35142265
DNAJC7	rs35142265
NKIRAS2	rs35142265
ZNF385C	rs35142265
C17orf113	rs35142265
DHX58	rs35142265
KAT2A	rs35142265
HSPB9	rs35142265
RAB5C	rs35142265
KCNH4	rs35142265
HCRT	rs35142265
GHDC	rs35142265
STAT5A	rs11658582
CAVIN1	rs11658582
MIR548AT	rs11658582
MIR5010	rs11658582
NAGLU	rs11658582
LOC108783654	rs11658582
HSD17B1	rs11658582
COASY	rs11658582
MLX	rs11658582
PSMC3IP	rs11658582
RETREG3	rs11658582
TUBG2	rs11658582
PLEKHH3	rs11658582
CCR10	rs11658582
CNTNAP1	rs11658582
MIR6780A	rs11658582
RAMP2-AS1	rs11658582
RAMP2	rs11658582
VPS25	rs11658582
WNK4	rs11658582
COA3	rs11658582
CNTD1	rs11658582
BECN1	rs11658582
MIR6781	rs11658582
PSME3	rs11658582
AOC2	rs11658582
AOC3	rs11658582
AOC4P	rs11658582
LINC00671	rs11658582
G6PC	rs11658582
AARSD1	rs11658582
PTGES3L-AARSD1	rs11658582
PTGES3L	rs11658582
RUNDC1	rs11658582
RPL27	rs11658582
IFI35	rs11658582
VAT1	rs11658582
RND2	rs11658582
BRCA1	rs11658582
LOC101929767	rs11658582
NBR1	rs11658582
TMEM106A	rs11658582
CCDC200	rs11658582
LINC00910	rs11658582
ARL4D	rs11658582
MIR2117HG	rs11658582
MIR2117	rs11658582
DHX8	rs11658582
ETV4	rs11658582
KANSL1-AS1	rs1044977
LRRC37A	rs1044977
NSFP1	rs1044977
ARL17A	rs1044977
LRRC37A2	rs1044977
WNT3	rs1044977
GOSR2	rs1044977
MIR5089	rs1044977
RPRML	rs1044977
MYL4	rs1552458
THCAT158	rs10468514
MRPL45P2	rs10468514
TBKBP1	rs10468514
TBX21	rs10468514
OSBPL7	rs78625142
MRPL10	rs78625142
LRRC46	rs78625142
SCRN2	rs78625142
SP6	rs78625142
LOC102724532	rs78625142
PNPO	rs78625142
PRR15L	rs78625142
CDK5RAP3	rs78625142
COPZ2	rs78625142
MIR10226	rs78625142
MIR152	rs78625142
CBX1	rs78625142
SNX11	rs78625142
MIR1203	rs78625142
THRA1/BTR	rs78625142
HOXB1	rs78625142
HOXB2	rs78625142
HOXB-AS1	rs78625142
HOXB3	rs78625142
HOXB4	rs78625142
MIR10A	rs78625142
HOXB-AS3	rs78625142
HOXB5	rs78625142
HOXB6	rs78625142
HOXB7	rs78625142
HOXB8	rs78625142
HOXB9	rs78625142
MIR196A1	rs78625142
PRAC1	rs78625142
PRAC2	rs78625142
MIR3185	rs78625142
HOXB13	rs78625142
TTLL6	rs78625142
LOC105371814	rs78625142
ATP5MC1	rs78625142
UBE2Z	rs78625142
SNF8	rs78625142
GIP	rs56308324
IGF2BP1	rs56308324
B4GALNT2	rs56308324
GNGT2	rs56308324
ABI3	rs56308324
PHOSPHO1	rs56308324
FLJ40194	rs56308324
MIR6129	rs56308324
ZNF652	rs56308324
PHB	rs56308324
LINC02075	rs56308324
LOC100288866	rs56308324
MIR6165	rs56308324
NXPH3	rs56308324
SLC35B1	rs56308324
KAT7	rs56308324
TAC4	rs56308324
FLJ45513	rs56308324
DLX4	rs56308324
DLX3	rs56308324
PICART1	rs56308324
ITGA3	rs56308324
PDK2	rs56308324
SAMD14	rs56308324
PPP1R9B	rs56308324
SGCA	rs56308324
H1-9P	rs56308324
COL1A1	rs56308324
LINC01969	rs56308324
TMEM92	rs56308324
TMEM92-AS1	rs56308324
XYLT2	rs56308324
MRPL27	rs56308324
EME1	rs56308324
LRRC59	rs56308324
ACSF2	rs56308324
CHAD	rs56308324
RSAD1	rs28406364
MYCBPAP	rs28406364
EPN3	rs28406364
LOC105371824	rs28406364
CACNA1G-AS1	rs28406364
CACNA1G	rs28406364
ANKRD40	rs28406364
LUC7L3	rs28406364
ANKRD40CL	rs28406364
MIR8059	rs28406364
WFIKKN2	rs28406364
TOB1	rs28406364
TOB1-AS1	rs28406364
NME1	rs28406364
NME1-NME2	rs28406364
NME2	rs28406364
UTP18	rs28406364
LINC02071	rs28406364
LINC02073	rs28406364
WDR7	rs115515961
LINC01924	rs4574025
LOC642484	rs1893958
LINC01905	rs1893958
LOC100505549	rs115515961
CDH7	rs12964116
CDH19	rs12964116
LINC01415	rs1893958
LINC01416	rs1893958
LINC01539	rs1893958
TXNL1	rs1893958
LINC-ROR	rs115515961
BOD1L2	rs115515961
LINC02565	rs115515961
ST8SIA3	rs115515961
ONECUT2	rs115515961
FECH	rs115515961
NARS1	rs115515961
SERPINB11	rs4574025
SERPINB7	rs4574025
SERPINB2	rs4574025
SERPINB10	rs4574025
HMSD	rs4574025
SERPINB8	rs4574025
LINC00305	rs4574025
LINC01538	rs4574025
MIR5011	rs12964116
KANK3	rs2918300
RHPN2	rs117710327
ABCA7	rs892225
IZUMO4	rs892225
ZNF559	rs2918300
ZNF559-ZNF177	rs2918300
RNF126	rs892225
KISS1R	rs892225
REXO1	rs892225
CSNK1G2	rs892225
TIMM44	rs2918300
CCL25	rs2918300
HNRNPM	rs2918300
ADAMTS10	rs2918300
MUC16	rs2918300
DPY19L3	rs117710327
ANKRD27	rs117710327
TDRD12	rs117710327
CEP89	rs117710327
LRP3	rs117710327
PEPD	rs117710327
CHST8	rs117710327
LINC01002	rs892225
PLPP2	rs892225
MIER2	rs892225
THEG	rs892225
C2CD4C	rs892225
SHC2	rs892225
ODF3L2	rs892225
MADCAM1	rs892225
TPGS1	rs892225
CDC34	rs892225
GZMM	rs892225
BSG	rs892225
HCN2	rs892225
POLRMT	rs892225
FGF22	rs892225
FSTL3	rs892225
PRSS57	rs892225
PALM	rs892225
MISP	rs892225
PTBP1	rs892225
MIR4745	rs892225
PLPPR3	rs892225
MIR3187	rs892225
AZU1	rs892225
PRTN3	rs892225
ELANE	rs892225
CFD	rs892225
MED16	rs892225
RNU6-9	rs892225
R3HDM4	rs892225
ARID3A	rs892225
WDR18	rs892225
GRIN3B	rs892225
TMEM259	rs892225
RNU6-2	rs892225
CNN2	rs892225
ARHGAP45	rs892225
POLR2E	rs892225
GPX4	rs892225
SBNO2	rs892225
STK11	rs892225
CBARP	rs892225
ATP5F1D	rs892225
MIDN	rs892225
CIRBP-AS1	rs892225
CIRBP	rs892225
FAM174C	rs892225
EFNA2	rs892225
PWWP3A	rs892225
NDUFS7	rs892225
GAMT	rs892225
DAZAP1	rs892225
RPS15	rs892225
APC2	rs892225
C19orf25	rs892225
PCSK4	rs892225
REEP6	rs892225
ADAMTSL5	rs892225
PLK5	rs892225
MEX3D	rs892225
MBD3	rs892225
UQCR11	rs892225
TCF3	rs892225
ONECUT3	rs892225
ATP8B3	rs892225
MIR1909	rs892225
LOC100288123	rs892225
KLF16	rs892225
ABHD17A	rs892225
ADAT3	rs892225
SCAMP4	rs892225
CSNK1G2-AS1	rs892225
BTBD2	rs892225
MKNK2	rs892225
MOB3A	rs892225
AP3D1	rs892225
CAMSAP3	rs2918300
MIR6792	rs2918300
XAB2	rs2918300
PET100	rs2918300
PCP2	rs2918300
STXBP2	rs2918300
RETN	rs2918300
MCEMP1	rs2918300
TRAPPC5	rs2918300
FCER2	rs2918300
CLEC4G	rs2918300
CD209	rs2918300
CLEC4M	rs2918300
CLEC4GP1	rs2918300
EVI5L	rs2918300
PRR36	rs2918300
LYPLA2P2	rs2918300
LRRC8E	rs2918300
MAP2K7	rs2918300
TGFBR3L	rs2918300
SNAPC2	rs2918300
CTXN1	rs2918300
ELAVL1	rs2918300
FBN3	rs2918300
CERS4	rs2918300
CD320	rs2918300
NDUFA7	rs2918300
RPS28	rs2918300
ANGPTL4	rs2918300
RAB11B-AS1	rs2918300
MIR4999	rs2918300
RAB11B	rs2918300
MARCHF2	rs2918300
PRAM1	rs2918300
ZNF414	rs2918300
MYO1F	rs2918300
ACTL9	rs2918300
OR2Z1	rs2918300
ZNF558	rs2918300
MBD3L1	rs2918300
OR1M1	rs2918300
OR7G2	rs2918300
OR7G1	rs2918300
OR7G3	rs2918300
ZNF317	rs2918300
OR7D2	rs2918300
OR7D4	rs2918300
OR7E24	rs2918300
ZNF699	rs2918300
ZNF177	rs2918300
ZNF266	rs2918300
ZNF560	rs2918300
ZNF426	rs2918300
ZNF426-DT	rs2918300
ZNF121	rs2918300
LINC01533	rs117710327
LINC01782	rs117710327
ZNF507	rs117710327
LOC400684	rs117710327
PDCD5	rs117710327
SNORA68B	rs117710327
RGS9BP	rs117710327
NUDT19	rs117710327
SLC7A9	rs117710327
FAAP24	rs117710327
GPATCH1	rs117710327
WDR88	rs117710327
SLC7A10	rs117710327
CEBPA	rs117710327
CEBPA-DT	rs117710327
CEBPG	rs117710327
MRTFA	rs9611573
TNRC6B	rs9611573
ADSL	rs9611573
XPNPEP3	rs9611573
EP300	rs9611573
RANGAP1	rs9611573
SNU13	rs9611573
CCDC134	rs9611573
CENPM	rs9611573
FAM83F	rs9611573
LOC114841040	rs9611573
SGSM3	rs9611573
MRTFA-AS1	rs9611573
MCHR1	rs9611573
SLC25A17	rs9611573
MIR4766	rs9611573
ST13	rs9611573
DNAJB7	rs9611573
RBX1	rs9611573
SNORD140	rs9611573
MIR1281	rs9611573
EP300-AS1	rs9611573
L3MBTL2	rs9611573
L3MBTL2-AS1	rs9611573
CHADL	rs9611573
MIR6889	rs9611573
ZC3H7B	rs9611573
TEF	rs9611573
TOB2	rs9611573
PHF5A	rs9611573
ACO2	rs9611573
POLR3H	rs9611573
LOC105373044	rs9611573
CSDC2	rs9611573
PMM1	rs9611573
DESI1	rs9611573
XRCC6	rs9611573
C22orf46	rs9611573
MEI1	rs9611573
SREBF2-AS1	rs9611573
SREBF2	rs9611573
MIR33A	rs9611573
SHISA8	rs9611573
MIR378I	rs9611573
TNFRSF13C	rs9611573
LINC00634	rs9611573
SEPTIN3	rs9611573
