rs8030394	1e-08
rs2981579	1e-07
rs8113308	1e-07
rs4679741	1e-07
rs903263	1e-06
rs1314913	1e-13
rs3803662	1e-15
rs4245739	1e-06
rs10069690	1e-07
rs3757318	1e-06
rs2363956	1e-08
rs10771399	1e-08
rs2183271	1e-07
rs78540526	1e-11
rs17215231	1e-13
rs2464195	1e-08
rs1106333	1e-08
rs78754389	1e-08
rs60538652	1e-07
rs11154838	1e-06
rs10953105	1e-06
rs2350923	1e-07
rs78545330	1e-06
rs10814070	1e-06
rs9418690	1e-06
rs4964006	1e-06
rs67129489	1e-07
rs278050	1e-06
rs4969001	1e-06
rs73107564	1e-07
rs2046210	1e-09
rs17024629	1e-06
rs2522057	1e-07
rs1869959	1e-08
rs12998806	1e-08
rs2981579	1e-07
rs7648642	1e-06
rs11654964	1e-06
rs17489300	1e-10
rs4245739	1e-15
rs12710696	1e-08
rs2736108	1e-08
rs17817449	1e-07
rs11075995	1e-08
rs8170	1e-12
rs10864459	1e-09
rs11903787	1e-07
rs10995190	1e-08
rs4980383	1e-06
rs10771399	1e-13
rs67073037	1e-06
rs12870942	1e-07
rs1011970	1e-06
rs17356907	1e-06
rs67931591	1e-08
rs1637365	1e-08
rs67931591	1e-07
rs1637365	1e-07
rs999737	1e-08
rs6562760	1e-10
rs12710696	1e-08
rs11075995	1e-10
rs4245739	1e-23
rs10069690	1e-35
rs11076805	1e-08
rs6569648	1e-08
rs11374964	1e-08
rs36194942	1e-07
rs3760982	1e-08
rs17350191	1e-08
rs4808801	1e-06
rs6001930	1e-11
rs62355902	1e-06
rs7904519	1e-10
rs1011970	1e-07
rs2747652	1e-18
rs11627032	1e-06
rs11820646	1e-07
rs13281615	1e-06
rs13365225	1e-10
rs1432679	1e-10
rs16857609	1e-08
rs17356907	1e-08
rs17529111	1e-06
rs17817449	1e-10
rs1830298	1e-07
rs2943559	1e-06
rs113701136	1e-07
rs66823261	1e-09
rs4849887	1e-09
rs117618124	1e-06
rs10069690	1e-10
rs13074711	1e-08
rs2075570	1e-06
rs481519	1e-09
rs7679673	1e-10
rs147680653	1e-06
rs115392158	1e-07
rs1011970	1e-06
rs7931342	1e-14
rs148883465	1e-08
rs11168936	1e-07
rs73110464	1e-15
rs3184504	1e-06
rs11119608	1e-07
rs75316749	1e-07
rs115392158	1e-06
rs4604234	1e-06
rs1011970	1e-07
rs3184504	1e-06
rs12601991	1e-09
rs11907546	1e-09
rs56404467	1e-07
rs12601991	1e-28
rs11907546	1e-06
rs4996307	1e-07
rs113113429	1e-08
rs72755295	1e-12
rs62375245	1e-10
rs3176337	1e-08
rs17211035	1e-08
rs7030607	1e-10
rs12217370	1e-08
rs117662433	1e-08
rs16991615	1e-13
rs4821942	1e-23
rs9611271	1e-09
rs2059614	1e-09
rs11690772	1e-07
rs56345976	1e-14
rs7710703	1e-18
rs72993806	1e-16
rs16991615	1e-12
rs9611271	1e-09
rs7701292	1e-08
rs10864459	1e-10
rs17489300	1e-08
rs4245739	1e-18
rs11903787	1e-10
rs4980383	1e-09
rs10771399	1e-18
rs11075995	1e-06
rs8170	1e-21
rs67073037	1e-09
rs6562760	1e-10
rs12870942	1e-08
rs16857609	1e-06
rs1432679	1e-06
rs13365225	1e-06
rs11820646	1e-06
rs17356907	1e-07
rs745570	1e-06
rs12710696	1e-06
rs6001930	1e-06
rs2736108	1e-14
rs10995190	1e-06
rs17817449	1e-08
rs3803662	1e-11
rs17221259	1e-06
rs6504950	1e-08
rs117618124	1e-12
rs1707302	1e-08
rs79724016	1e-08
rs6805189	1e-08
rs10760444	1e-09
rs13066793	1e-09
rs10623258	1e-08
rs77528541	1e-09
rs140936696	1e-08
rs738321	1e-13
rs206966	1e-08
rs28539243	1e-15
rs514192	1e-09
rs6725517	1e-12
rs4496150	1e-09
rs7971	1e-08
rs17156577	1e-09
rs34207738	1e-15
rs6882649	1e-09
rs72749841	1e-10
rs2432539	1e-08
rs71559437	1e-12
rs6569648	1e-12
rs2965183	1e-12
rs1895062	1e-14
rs10022462	1e-09
rs2532263	1e-13
rs202049448	1e-08
rs12479355	1e-08
rs28512361	1e-08
rs6597981	1e-12
rs17268829	1e-13
rs6122906	1e-10
rs2594714	1e-08
rs58058861	1e-10
rs6815814	1e-13
rs73161324	1e-09
rs113577745	1e-10
rs67958007	1e-10
rs16991615	1e-09
rs58847541	1e-13
rs78269692	1e-09
rs72810771	1e-19
rs72932540	1e-08
rs73077323	1e-06
rs73348588	1e-07
rs73487618	1e-06
rs74433033	1e-07
rs7458786	1e-06
rs748476	1e-07
rs7500067	1e-27
rs77198337	1e-06
rs77457752	1e-07
rs72820985	1e-06
rs74910854	1e-06
rs7570	1e-06
rs7697216	1e-26
rs77674461	1e-06
rs77702473	1e-06
rs7847854	1e-18
rs8050871	1e-06
rs898097	1e-06
rs77485526	1e-06
rs77928427	1e-08
rs7810893	1e-06
rs78540526	1e-131
rs79518236	1e-07
rs8027365	1e-07
rs8074440	1e-06
rs8081187	1e-07
rs848087	1e-11
rs7149262	1e-21
rs72396995	1e-07
rs7282349	1e-10
rs4911315	1e-07
rs8027730	1e-08
rs559044903	1e-07
rs75174485	1e-07
rs1830298	1e-14
rs514192	1e-08
rs3974648	1e-07
rs60778117	1e-09
rs941764	1e-07
rs999737	1e-38
rs941764	1e-13
rs11075995	1e-11
rs28539243	1e-15
rs2432539	1e-10
rs4496150	1e-10
rs527616	1e-16
rs1436904	1e-16
rs36194942	1e-06
rs117618124	1e-11
rs6507583	1e-13
rs2594714	1e-10
rs4808801	1e-31
rs2965183	1e-11
rs3760982	1e-14
rs6122906	1e-11
rs738321	1e-14
rs6001930	1e-34
rs28512361	1e-08
rs12455117	1e-08
rs2823126	1e-10
rs10623258	1e-08
rs113577745	1e-10
rs6725517	1e-11
rs2290203	1e-19
rs16992204	1e-10
rs12628403	1e-17
rs1707302	1e-10
rs58058861	1e-12
rs11627032	1e-10
rs17817449	1e-24
rs12710696	1e-11
rs4849887	1e-25
rs2046210	1e-74
rs1830298	1e-24
rs16857609	1e-31
rs12479355	1e-08
rs6805189	1e-08
rs34207738	1e-15
rs6815814	1e-11
rs10022462	1e-10
rs77528541	1e-10
rs10069690	1e-20
rs62355902	1e-86
rs6882649	1e-10
rs1432679	1e-37
rs17529111	1e-10
rs6569648	1e-12
rs2747652	1e-28
rs7971	1e-07
rs17156577	1e-08
rs17268829	1e-15
rs71559437	1e-12
rs66823261	1e-08
rs13365225	1e-23
rs2943559	1e-19
rs514192	1e-11
rs58847541	1e-13
rs17350191	1e-10
rs13281615	1e-55
rs10759243	1e-21
rs1895062	1e-13
rs10760444	1e-14
rs67958007	1e-10
rs140936696	1e-08
rs7904519	1e-13
rs6597981	1e-12
rs11820646	1e-15
rs202049448	1e-07
rs17356907	1e-40
rs206966	1e-08
rs6562760	1e-09
rs3803662	1e-11
rs2736108	1e-06
rs941764	1e-08
rs72831252	1e-06
rs74609852	1e-05
rs13281615	1e-09
rs10759243	1e-06
rs10995190	1e-06
rs17356907	1e-12
rs8003014	1e-06
rs10132579	1e-06
rs13116936	1e-06
rs921551	1e-06
rs3803662	1e-07
rs2046210	1e-09
rs10771399	1e-06
rs8170	1e-13
rs999737	1e-07
rs3803662	1e-09
rs2981579	1e-10
rs2046210	1e-15
rs3803662	1e-19
rs2981579	1e-31
rs10995190	1e-15
rs1011970	1e-08
rs3803662	1e-15
rs3757318	1e-06
rs1876206	1e-06
rs1978503	1e-06
rs458685	1e-06
rs1926657	1e-06
rs3112612	1e-10
rs3803662	1e-36
rs13281615	1e-12
rs12906542	1e-07
rs10069690	1e-12
rs2046210	1e-16
rs10995190	1e-07
rs10771399	1e-12
rs3803662	1e-13
rs8170	1e-13
rs1432679	1e-06
rs17356907	1e-06
rs17817449	1e-07
rs6001930	1e-06
rs4245739	1e-12
rs12710696	1e-08
rs11075995	1e-08
rs1011970	1e-08
rs10759243	1e-08
rs7904519	1e-08
rs1436904	1e-08
rs11820646	1e-09
rs17356907	1e-22
rs941764	1e-10
rs17817449	1e-14
rs527616	1e-10
rs4808801	1e-15
rs3760982	1e-10
rs132390	1e-09
rs6001930	1e-19
rs10069690	1e-09
rs3757318	1e-21
rs13281615	1e-27
rs10995190	1e-36
rs2981579	1e-170
rs3803662	1e-114
rs6504950	1e-13
rs1432679	1e-14
rs10771399	1e-31
rs999737	1e-19
rs2943559	1e-15
rs4849887	1e-11
rs16857609	1e-15
rs8170	1e-09
rs3884558	1e-06
rs10411161	1e-06
rs10069690	1e-10
rs2290203	1e-08
rs11082321	1e-07
rs3757318	1e-06
rs2046210	1e-15
rs2981579	1e-11
rs12628403	1e-06
rs16992204	1e-08
rs12537	1e-07
rs17024629	1e-08
rs2522057	1e-08
rs1637365	1e-07
rs1869959	1e-08
rs181337095	1e-08
rs17024629	1e-06
rs2522057	1e-08
rs1637365	1e-06
rs1869959	1e-07
rs181337095	1e-07
rs4322600	1e-06
rs113701136	1e-09
rs17350191	1e-11
rs66823261	1e-08
rs6562760	1e-07
rs11374964	1e-06
rs10069690	1e-16
rs12481286	1e-07
rs12870942	1e-09
rs6062356	1e-06
rs9323635	1e-06
rs9562987	1e-06
rs9578106	1e-06
rs9619765	1e-06
rs9808759	1e-07
rs6569648	1e-10
rs36194942	1e-08
rs4808801	1e-28
rs2747652	1e-26
rs2290203	1e-10
rs6562760	1e-09
rs1436904	1e-14
rs17817449	1e-21
rs11820646	1e-14
rs11627032	1e-11
rs527616	1e-15
rs181337095	1e-07
rs201177249	1e-06
rs66823261	1e-07
rs7278690	1e-06
rs72755295	1e-14
rs17529111	1e-09
rs13281615	1e-57
rs7904519	1e-13
rs12710696	1e-08
rs941764	1e-13
rs745570	1e-10
rs11075995	1e-09
rs10069690	1e-17
rs10759243	1e-18
rs16857609	1e-25
rs1432679	1e-31
rs375506010	1e-06
rs4814894	1e-07
rs132390	1e-08
rs3760982	1e-16
rs1830298	1e-16
rs1011970	1e-15
rs2943559	1e-24
rs6001930	1e-34
rs62355902	1e-98
rs13365225	1e-20
rs4849887	1e-20
rs999737	1e-39
rs17356907	1e-39
rs6507583	1e-12
rs12904134	1e-06
rs11700530	1e-06
rs4774565	1e-06
rs11076805	1e-08
rs11374964	1e-13
rs10759243	1e-09
rs10995190	1e-37
rs7904519	1e-13
rs2981579	1e-164
rs78540526	1e-86
rs11820646	1e-10
rs10771399	1e-34
rs17356907	1e-21
rs999737	1e-21
rs941764	1e-11
rs3803662	1e-117
rs72755295	1e-08
rs10069690	1e-08
rs2736108	1e-09
rs13365225	1e-08
rs11627032	1e-09
rs17529111	1e-10
rs2046210	1e-24
rs2943559	1e-16
rs13281615	1e-31
rs16857609	1e-17
rs1011970	1e-09
rs17817449	1e-14
rs11075995	1e-06
rs6504950	1e-12
rs527616	1e-13
rs1436904	1e-08
rs8170	1e-06
rs2363956	1e-06
rs4808801	1e-15
rs3760982	1e-09
rs132390	1e-09
rs6001930	1e-20
rs72755295	1e-07
rs11627032	1e-06
rs1432679	1e-16
rs745570	1e-09
rs6507583	1e-08
rs12710696	1e-07
rs4849887	1e-11
rs745570	1e-07
rs6507583	1e-06
rs4849887	1e-09
rs10069690	1e-08
rs1432679	1e-12
rs17529111	1e-07
rs2943559	1e-11
rs13281615	1e-22
rs10759243	1e-07
rs10995190	1e-29
rs7904519	1e-08
rs2981579	1e-128
rs78540526	1e-62
rs11820646	1e-07
rs10771399	1e-22
rs17356907	1e-17
rs999737	1e-13
rs941764	1e-10
rs3803662	1e-86
rs17817449	1e-13
rs6504950	1e-09
rs527616	1e-07
rs1436904	1e-06
rs4808801	1e-14
rs3760982	1e-07
rs132390	1e-07
rs6001930	1e-14
rs13074711	1e-06
rs10069690	1e-06
rs16992204	1e-08
rs79518236	1e-09
rs79518236	1e-08
rs9808759	1e-09
rs12455117	1e-08
rs12628403	1e-14
rs78540526	1e-40
rs7697216	1e-12
rs9579199	1e-06
rs4821942	1e-30
rs10069690	1e-42
rs56345976	1e-11
rs3176337	1e-11
rs12217370	1e-09
rs117662433	1e-10
