rs79149102	2E-07
rs55781567	3E-103
rs11639372	3E-52
rs4886591	4E-34
rs28408315	4E-12
rs17181550	2E-07
rs631644	3E-06
rs66500423	2E-07
rs56113850	5E-19
rs13201681	7E-12
rs10984970	3E-06
rs140701862	4E-06
rs10811609	2E-06
rs7026112	9E-06
rs62560775	6E-07
rs62621207	6E-07
rs7902587	7E-06
rs10904377	2E-06
rs78334599	8E-07
rs1629083	1E-08
rs11032090	8E-06
rs78853063	5E-07
rs215335	4E-06
rs3847711	3E-07
rs7953330	6E-12
rs56404467	1E-07
rs11571833	6E-16
rs185038874	2E-10
rs56377826	6E-06
rs35028925	2E-06
rs2412819	3E-06
rs66759488	3E-08
rs77468143	1E-09
rs7169304	1E-06
rs12904211	3E-06
rs35768595	5E-09
rs149866169	2E-11
rs13217620	1E-10
rs35037868	2E-10
rs13199649	2E-10
rs35952432	6E-11
rs34661125	2E-12
rs116461399	1E-12
rs148696809	3E-12
rs116826541	4E-12
rs139244745	1E-12
rs115870917	7E-19
rs147680653	7E-19
rs116480994	4E-18
rs116418332	5E-18
rs114601353	4E-18
rs142618987	2E-18
rs116295105	4E-18
rs116551911	7E-19
rs115666025	3E-17
rs3094222	9E-17
rs116718137	8E-17
rs116822326	5E-19
rs139789464	9E-19
rs3131378	3E-18
rs501942	8E-19
rs144433536	3E-18
rs147151648	3E-18
rs115613607	2E-17
rs74942078	2E-18
rs114828403	1E-11
rs116298963	2E-07
rs116718336	1E-06
rs114393147	1E-06
rs114984535	2E-06
rs210191	9E-06
rs117497853	5E-06
rs117534741	5E-07
rs10265693	2E-06
rs4722166	6E-06
rs148791337	1E-06
rs7805022	2E-06
rs17775239	3E-06
rs2404618	7E-06
rs76694908	2E-06
rs11780471	2E-08
rs7820838	4E-06
rs6989042	7E-06
rs188586526	2E-06
rs191205566	1E-07
rs76486688	7E-06
rs9869622	2E-06
rs13080835	1E-06
rs113659074	2E-06
rs11941078	2E-06
rs1479090	9E-06
rs185666783	9E-08
rs7683574	4E-06
rs78154696	8E-07
rs12517665	8E-06
rs380286	2E-32
rs34357052	3E-06
rs10479542	4E-06
rs35452836	3E-06
rs72951719	5E-06
rs6920364	1E-08
rs17615336	9E-06
rs35789010	3E-07
rs28412066	2E-08
rs13191445	1E-09
rs3999544	1E-10
rs41266839	4E-09
rs66488313	2E-08
rs34244947	9E-09
rs80264589	1E-08
rs78062588	5E-07
rs77045810	2E-07
rs71658797	3E-11
rs71641308	7E-07
rs35535570	4E-06
rs34517439	2E-10
rs17391694	3E-08
rs71641333	4E-07
rs34443463	3E-06
rs12081674	4E-06
rs1991625	4E-06
rs722864	6E-07
rs72899227	6E-06
rs2119148	7E-06
rs55902839	7E-06
rs72949976	5E-06
rs111308888	7E-06
rs11902506	4E-06
rs2289393	2E-06
rs79368540	6E-07
rs1039766	2E-06
rs11692700	6E-07
rs55864010	1E-06
rs151124926	1E-07
rs114624737	8E-06