OR10J1	rs3754464
C1orf159	rs9442387
PRKCZ	rs9442387
PINK1	rs10627733
PINK1-AS	rs10627733
USP48	rs10627733
USP1	rs78720768
ITGB3BP	rs78720768
LINC01128	rs9442387
C1QTNF12	rs9442387
CDK11B	rs9442387
NADK	rs9442387
SKI	rs9442387
LINC01141	rs10627733
HP1BP3	rs10627733
EIF4G3	rs10627733
ECE1	rs10627733
ALPL	rs10627733
LDLRAD2	rs10627733
PATJ	rs78720768
KANK4	rs78720768
DOCK7	rs78720768
ATG4C	rs78720768
LINC00466	rs78720768
PGM1	rs78720768
ROR1	rs78720768
SPTA1	rs3754464
IFI16	rs3754464
FCRL6	rs3754464
IGSF9	rs3754464
KCNJ10	rs3754464
MARK1	rs12568748
MTARC1	rs12568748
DUSP10	rs12568748
LOC100132287	rs9442387
OR4F29	rs9442387
LOC101928626	rs9442387
MIR12136	rs9442387
OR4F16	rs9442387
LOC100133331	rs9442387
LOC100288069	rs9442387
FAM87B	rs9442387
LINC00115	rs9442387
FAM41C	rs9442387
LINC02593	rs9442387
SAMD11	rs9442387
NOC2L	rs9442387
KLHL17	rs9442387
PLEKHN1	rs9442387
PERM1	rs9442387
HES4	rs9442387
ISG15	rs9442387
AGRN	rs9442387
LOC100288175	rs9442387
RNF223	rs9442387
LINC01342	rs9442387
MIR200B	rs9442387
MIR200A	rs9442387
MIR429	rs9442387
TTLL10	rs9442387
TNFRSF18	rs9442387
TNFRSF4	rs9442387
SDF4	rs9442387
B3GALT6	rs9442387
UBE2J2	rs9442387
SCNN1D	rs9442387
ACAP3	rs9442387
MIR6726	rs9442387
SNORD167	rs9442387
PUSL1	rs9442387
INTS11	rs9442387
MIR6727	rs9442387
CPTP	rs9442387
TAS1R3	rs9442387
DVL1	rs9442387
MIR6808	rs9442387
MXRA8	rs9442387
AURKAIP1	rs9442387
CCNL2	rs9442387
MRPL20-AS1	rs9442387
MRPL20	rs9442387
ANKRD65	rs9442387
TMEM88B	rs9442387
LINC01770	rs9442387
VWA1	rs9442387
ATAD3C	rs9442387
ATAD3B	rs9442387
ATAD3A	rs9442387
TMEM240	rs9442387
SSU72	rs9442387
FNDC10	rs9442387
LOC105378586	rs9442387
MIB2	rs9442387
MMP23B	rs9442387
SLC35E2B	rs9442387
MMP23A	rs9442387
CDK11A	rs9442387
SLC35E2A	rs9442387
GNB1	rs9442387
CALML6	rs9442387
TMEM52	rs9442387
CFAP74	rs9442387
GABRD	rs9442387
LOC105378591	rs9442387
PRKCZ-AS1	rs9442387
FAAP20	rs9442387
RNF186	rs10627733
OTUD3	rs10627733
PLA2G2E	rs10627733
PLA2G2A	rs10627733
PLA2G5	rs10627733
PLA2G2D	rs10627733
PLA2G2F	rs10627733
PLA2G2C	rs10627733
UBXN10-AS1	rs10627733
UBXN10	rs10627733
LINC01757	rs10627733
VWA5B1	rs10627733
CAMK2N1	rs10627733
MUL1	rs10627733
FAM43B	rs10627733
CDA	rs10627733
MIR6084	rs10627733
DDOST	rs10627733
KIF17	rs10627733
SH2D5	rs10627733
MIR1256	rs10627733
ECE1-AS1	rs10627733
NBPF3	rs10627733
RAP1GAP	rs10627733
MIR3116-1	rs78720768
MIR3116-2	rs78720768
L1TD1	rs78720768
ANGPTL3	rs78720768
LINC01739	rs78720768
FOXD3-AS1	rs78720768
FOXD3	rs78720768
MIR6068	rs78720768
ALG6	rs78720768
EFCAB7	rs78720768
DLEU2L	rs78720768
KIRREL1	rs3754464
LINC01704	rs3754464
CD1D	rs3754464
CD1A	rs3754464
CD1C	rs3754464
CD1B	rs3754464
CD1E	rs3754464
OR10T2	rs3754464
OR10K2	rs3754464
OR10K1	rs3754464
OR10R2	rs3754464
OR6Y1	rs3754464
OR6P1	rs3754464
OR10X1	rs3754464
OR10Z1	rs3754464
OR6K2	rs3754464
OR6K3	rs3754464
OR6K6	rs3754464
OR6N1	rs3754464
OR6N2	rs3754464
MNDA	rs3754464
PYHIN1	rs3754464
PYDC5	rs3754464
AIM2	rs3754464
CADM3	rs3754464
CADM3-AS1	rs3754464
ACKR1	rs3754464
FCER1A	rs3754464
OR10J3	rs3754464
OR10J4	rs3754464
OR10J5	rs3754464
APCS	rs3754464
CRP	rs3754464
DUSP23	rs3754464
SLAMF8	rs3754464
SNHG28	rs3754464
VSIG8	rs3754464
CFAP45	rs3754464
MIR4259	rs3754464
TAGLN2	rs3754464
SLAMF9	rs3754464
LINC01133	rs3754464
PIGM	rs3754464
C1orf115	rs12568748
MTARC2	rs12568748
RNU6ATAC35P	rs12568748
LINC01352	rs12568748
HLX-AS1	rs12568748
HLX	rs12568748
LINC02817	rs12568748
LINC01655	rs12568748
LINC02257	rs12568748
LINC02474	rs12568748
LINC00299	rs12623068
VSNL1	rs75157307
HNRNPLL	rs7559097
DYNC2LI1	rs13420007
ABCG5	rs13420007
TTL	rs74828133
PGM5P4-AS1	rs74828133
LYPD6B	rs11684751
UNC80	rs2371271
ERBB4	rs2371271
AGAP1	rs74917072
RNF144A	rs12623068
LOC101929452	rs12623068
RAD51AP2	rs75157307
GEN1	rs75157307
KCNS3	rs75157307
NT5C1B-RDH14	rs75157307
PRKD3	rs7559097
CDC42EP3	rs7559097
RMDN2	rs7559097
CYP1B1-AS1	rs7559097
ATL2	rs7559097
GALM	rs7559097
DHX57	rs7559097
ARHGEF33	rs7559097
SOS1	rs7559097
CDKL4	rs7559097
MAP4K3	rs7559097
THADA	rs13420007
PLEKHH2	rs13420007
LRPPRC	rs13420007
PPM1B	rs13420007
PREPL	rs13420007
CAMKMT	rs13420007
BCL11A	rs70959845
LINC01185	rs70959845
PUS10	rs70959845
KIAA1841	rs70959845
USP34	rs70959845
ANAPC1	rs74828133
MERTK	rs74828133
TMEM87B	rs74828133
ZC3H8	rs74828133
CKAP2L	rs74828133
PAX8	rs74828133
EPC2	rs11684751
KIF5C	rs11684751
LYPD6	rs11684751
MMADHC-DT	rs11684751
MAP2	rs2371271
KANSL1L	rs2371271
KANSL1L-AS1	rs2371271
MYL1	rs2371271
LANCL1-AS1	rs2371271
CPS1	rs2371271
ASB18	rs74917072
IQCA1	rs74917072
COL6A3	rs74917072
MLPH	rs74917072
LRRFIP1	rs74917072
RAMP1	rs74917072
UBE2F	rs74917072
UBE2F-SCLY	rs74917072
LINC01247	rs12623068
LINC01246	rs12623068
MIR7515HG	rs12623068
MIR7515	rs12623068
LINC00487	rs12623068
NRIR	rs12623068
CMPK2	rs12623068
RSAD2	rs12623068
RNF144A-AS1	rs12623068
LOC100506274	rs12623068
LOC101929551	rs12623068
LINC00298	rs12623068
SMC6	rs75157307
MSGN1	rs75157307
RDH14	rs75157307
NT5C1B	rs75157307
LINC01376	rs75157307
QPCT	rs7559097
LINC00211	rs7559097
RMDN2-AS1	rs7559097
CYP1B1	rs7559097
LINC01883	rs7559097
LINC02613	rs7559097
SRSF7	rs7559097
GEMIN6	rs7559097
MORN2	rs7559097
LOC375196	rs7559097
LINC01819	rs13420007
LINC02580	rs13420007
ZFP36L2	rs13420007
LINC01126	rs13420007
C1GALT1C1L	rs13420007
ABCG8	rs13420007
SLC3A1	rs13420007
MIR4432HG	rs70959845
MIR4432	rs70959845
PAPOLG	rs70959845
REL	rs70959845
PEX13	rs70959845
LOC339803	rs70959845
C2orf74	rs70959845
AHSA2P	rs70959845
FBLN7	rs74828133
ZC3H6	rs74828133
RGPD8	rs74828133
LOC105373562	rs74828133
POLR1B	rs74828133
CHCHD5	rs74828133
FLJ42351	rs74828133
SLC20A1	rs74828133
NT5DC4	rs74828133
IL1A	rs74828133
IL1B	rs74828133
IL37	rs74828133
IL36G	rs74828133
IL36A	rs74828133
IL36B	rs74828133
IL36RN	rs74828133
IL1F10	rs74828133
IL1RN	rs74828133
PSD4	rs74828133
PAX8-AS1	rs74828133
CBWD2	rs74828133
FOXD4L1	rs74828133
PGM5P4	rs74828133
FAM138B	rs74828133
MIR1302-3	rs74828133
WASH2P	rs74828133
DDX11L2	rs74828133
RPL23AP7	rs74828133
RABL2A	rs74828133
SLC35F5	rs74828133
MIR4782	rs74828133
MIR9899	rs11684751
MMADHC	rs11684751
LINC01931	rs11684751
LINC01817	rs11684751
RND3	rs11684751
RPE	rs2371271
ACADL	rs2371271
LANCL1	rs2371271
CPS1-IT1	rs2371271
GBX2	rs74917072
ACKR3	rs74917072
LOC93463	rs74917072
COPS8	rs74917072
MIR6811	rs74917072
PRLH	rs74917072
RAB17	rs74917072
RBM44	rs74917072
SCLY	rs74917072
ESPNL	rs74917072
ATP2B2	rs1728807
ATG7	rs1728807
NEK10	rs185335029
FHIT	rs40409
PTPRG	rs40409
BTLA	rs146917711
MECOM	rs987254
PHC3	rs987254
LINC00578	rs7644028
FANCD2	rs1728807
IRAK2	rs1728807
SEC13	rs1728807
SLC6A11	rs1728807
HRH1	rs1728807
VGLL4	rs1728807
NGLY1	rs185335029
LRRC3B	rs185335029
SLC4A7	rs185335029
GADL1	rs28568660
STT3B	rs28568660
OSBPL10	rs28568660
CMTM8	rs28568660
CNOT10	rs28568660
TRIM71	rs28568660
PTPRG-AS1	rs40409
CADPS	rs40409
PHLDB2	rs146917711
SLC9C1	rs146917711
CD200	rs146917711
CCDC80	rs146917711
LINC02042	rs146917711
NEPRO	rs146917711
BOC	rs146917711
CFAP44	rs146917711
USF3	rs146917711
ATP6V1A	rs146917711
GRAMD1C	rs146917711
LSAMP	rs77122835
EGFEM1P	rs987254
PRKCI	rs987254
SLC7A14	rs987254
SLC7A14-AS1	rs987254
TBL1XR1	rs7644028
LINC02015	rs7644028
EMC3	rs1728807
EMC3-AS1	rs1728807
CIDECP1	rs1728807
FANCD2OS	rs1728807
BRK1	rs1728807
VHL	rs1728807
TATDN2	rs1728807
MIR12127	rs1728807
GHRLOS	rs1728807
LINC00852	rs1728807
GHRL	rs1728807
MIR378B	rs1728807
MIR885	rs1728807
ATP2B2-IT2	rs1728807
LINC00606	rs1728807
SLC6A1	rs1728807
SLC6A1-AS1	rs1728807
TAMM41	rs1728807
OXSM	rs185335029
LINC00692	rs185335029
EOMES	rs185335029
MIR466	rs28568660
OSBPL10-AS1	rs28568660
ZNF860	rs28568660
GPD1L	rs28568660
CMTM7	rs28568660
CMTM6	rs28568660
MIR548AY	rs28568660
DYNC1LI1	rs28568660
C3orf14	rs40409
FEZF2	rs40409
ABHD10	rs146917711
TAGLN3	rs146917711
TMPRSS7	rs146917711
C3orf52	rs146917711
MIR567	rs146917711
GCSAM	rs146917711
TBILA	rs146917711
LOC105374042	rs146917711
ATG3	rs146917711
SLC35A5	rs146917711
LINC01279	rs146917711
MIR9900	rs146917711
CD200R1L-AS1	rs146917711
CD200R1L	rs146917711
CD200R1	rs146917711
GTPBP8	rs146917711
LINC02044	rs146917711
CFAP44-AS1	rs146917711
MIR8076	rs146917711
SPICE1	rs146917711
SIDT1	rs146917711
MIR4446	rs146917711
NAA50	rs146917711
SNORD155	rs77122835
LSAMP-AS1	rs77122835
LINC00903	rs77122835
TUSC7	rs77122835
MIR4447	rs77122835
LINC00901	rs77122835
LINC02024	rs77122835
MIR551B	rs987254
LINC02082	rs987254
MECOM-AS1	rs987254
TERC	rs987254
ACTRT3	rs987254
MYNN	rs987254
LRRC34	rs987254
LRRIQ4	rs987254
LRRC31	rs987254
SAMD7	rs987254
LOC100128164	rs987254
SEC62	rs987254
GPR160	rs987254
SKIL	rs987254
CLDN11	rs987254
MIR6828	rs987254
MIR7977	rs7644028
LINC01208	rs7644028
LINC01209	rs7644028
LINC00501	rs7644028
SPOCK3	rs4362851
HTT	rs28734075
OTOP1	rs28734075
LINC00504	rs200114742
TRIM2	rs10009522
PRIMPOL	rs11724690
SORBS2	rs11724690
ADD1	rs28734075
GRK4	rs28734075
RGS12	rs28734075
STX18	rs28734075
STX18-AS1	rs28734075
LINC01182	rs200114742
CPEB2-DT	rs200114742
C1QTNF7-AS1	rs200114742
TECRL	rs2119438
LINC02232	rs2119438
FAM160A1	rs10009522
FBXW7	rs10009522
ARFIP1	rs10009522
FHDC1	rs10009522
CPE	rs4362851
TLL1	rs4362851
GLRA3	rs113732232
LOC101928551	rs113732232
ADAM29	rs113732232
GPM6A	rs113732232
WDR17	rs113732232
STOX2	rs11724690
ENPP6	rs11724690
IRF2	rs11724690
ACSL1	rs11724690
LINC02436	rs11724690
CFAP97	rs11724690
SNX25	rs11724690
CCDC110	rs11724690
SH3BP2	rs28734075
MFSD10	rs28734075
NOP14-AS1	rs28734075
NOP14	rs28734075
HTT-AS	rs28734075
MSANTD1	rs28734075
HGFAC	rs28734075
DOK7	rs28734075
LRPAP1	rs28734075
LINC00955	rs28734075
LINC02171	rs28734075
ADRA2C	rs28734075
FAM86EP	rs28734075
TMEM128	rs28734075
LYAR	rs28734075
ZBTB49	rs28734075
NSG1	rs28734075
STX18-IT1	rs28734075
SNORD162	rs28734075
LOC101928279	rs28734075
RAB28	rs200114742
LINC01097	rs200114742
NKX3-2	rs200114742
LINC01096	rs200114742
BOD1L1	rs200114742
MIR5091	rs200114742
LINC01085	rs200114742
CPEB2	rs200114742
GATB	rs10009522
LINC02273	rs10009522
FBXW7-AS1	rs10009522
MIR3140	rs10009522
MIR4453HG	rs10009522
MIR4453	rs10009522
TMEM154	rs10009522
TIGD4	rs10009522
LOC729870	rs10009522
ANXA2P1	rs10009522
LINC01179	rs4362851
LOC101928131	rs4362851
LOC101928590	rs113732232
SPATA4	rs113732232
ASB5	rs113732232
SPCS3	rs113732232
VEGFC	rs113732232
LINC02363	rs11724690
LINC02362	rs11724690
LINC02427	rs11724690
LINC02365	rs11724690
CASP3	rs11724690
CENPU	rs11724690
SLED1	rs11724690
MIR3945HG	rs11724690
MIR3945	rs11724690
LINC01093	rs11724690
MIR4455	rs11724690
HELT	rs11724690
SLC25A4	rs11724690
LRP2BP	rs11724690
ANKRD37	rs11724690
UFSP2	rs11724690
C4orf47	rs11724690
LOC105377590	rs11724690
PDLIM3	rs11724690
MEF2C	rs200529678
ADGRV1	rs58142303
SLCO6A1	rs111970895
FAM13B	rs79812184
SIL1	rs79812184
DPYSL3	rs185652178
HTR4	rs185652178
CSNK1A1	rs376296328
TENM2	rs34470775
HRH2	rs17808848
FAM153A	rs62397673
LOC101929380	rs200529678
RASA1	rs200529678
CCNH	rs200529678
TMEM161B	rs200529678
TMEM161B-AS1	rs200529678
LINC00461	rs200529678
ARRDC3-AS1	rs58142303
SLCO4C1	rs111970895
LINC00491	rs111970895
PAM	rs111970895
PPIP5K2	rs111970895
NUDT12	rs111970895
PKD2L2	rs79812184
BRD8	rs79812184
CDC25C	rs79812184
KDM3B	rs79812184
CTNNA1	rs79812184
ECSCR	rs79812184
STK32A	rs185652178
JAKMIP2	rs185652178
SPINK5	rs185652178
SPINK6	rs185652178
LOC102546294	rs185652178
SPINK9	rs185652178
SH3TC2	rs376296328
ABLIM3	rs376296328
IL17B	rs376296328
PPARGC1B	rs376296328
PDE6A	rs376296328
CPLX2	rs17808848
FAM153B	rs17808848
SIMC1	rs17808848
FAF2	rs17808848
GPRIN1	rs17808848
SLC34A1	rs62397673
FAM193B	rs62397673
LOC202181	rs62397673
FAM153CP	rs62397673
COL23A1	rs62397673
ZNF454	rs62397673
ADAMTS2	rs62397673
MIR4280	rs200529678
LINC01949	rs200529678
LOC644285	rs200529678
LINC02488	rs200529678
LINC02060	rs200529678
MIR9-2	rs200529678
MEF2C-AS2	rs200529678
LUCAT1	rs58142303
ARRDC3	rs58142303
LINC00492	rs111970895
GIN1	rs111970895
C5orf30	rs111970895
LINC02115	rs111970895
MYOT	rs79812184
LOC100130172	rs79812184
WNT8A	rs79812184
NME5	rs79812184
KIF20A	rs79812184
CDC23	rs79812184
GFRA3	rs79812184
LOC100128966	rs79812184
FAM53C	rs79812184
REEP2	rs79812184
EGR1	rs79812184
ETF1	rs79812184
HSPA9	rs79812184
SNORD63B	rs79812184
SNORD63	rs79812184
LOC105379194	rs79812184
LRRTM2	rs79812184
SNHG4	rs79812184
MATR3	rs79812184
SNORA74D	rs79812184
SNORA74A	rs79812184
PAIP2	rs79812184
SLC23A1	rs79812184
MZB1	rs79812184
PROB1	rs79812184
SPATA24	rs79812184
DNAJC18	rs79812184
SMIM33	rs79812184
STING1	rs79812184
UBE2D2	rs79812184
CXXC5	rs79812184
CXXC5-AS1	rs79812184
PSD2-AS1	rs79812184
STK32A-AS1	rs185652178
JAKMIP2-AS1	rs185652178
SPINK1	rs185652178
SCGB3A2	rs185652178
C5orf46	rs185652178
SPINK14	rs185652178
MARCOL	rs185652178
SPINK13	rs185652178
SPINK7	rs185652178
FBXO38	rs185652178
ADRB2	rs376296328
MIR584	rs376296328
SH3TC2-DT	rs376296328
AFAP1L1	rs376296328
GRPEL2	rs376296328
GRPEL2-AS1	rs376296328
PCYOX1L	rs376296328
CARMN	rs376296328
MIR143	rs376296328
MIR145	rs376296328
ARHGEF37	rs376296328
MIR378A	rs376296328
LOC644762	rs376296328
LINC01947	rs34470775
LINC01951	rs17808848
DRD1	rs17808848
SFXN1	rs17808848
THOC3	rs17808848
LOC100996385	rs17808848
LOC100507387	rs17808848
LOC643201	rs17808848
KIAA1191	rs17808848
ARL10	rs17808848
MIR1271	rs17808848
NOP16	rs17808848
HIGD2A	rs17808848
CLTB	rs17808848
RNF44	rs17808848
CDHR2	rs17808848
SNCB	rs17808848
MIR4281	rs17808848
EIF4E1B	rs17808848
TSPAN17	rs17808848
LINC01574	rs17808848
PFN3	rs62397673
F12	rs62397673
GRK6	rs62397673
PRR7-AS1	rs62397673
PRR7	rs62397673
DBN1	rs62397673
PDLIM7	rs62397673
DOK3	rs62397673
DDX41	rs62397673
TMED9	rs62397673
B4GALT7	rs62397673
LOC105377752	rs62397673
LOC728554	rs62397673
LOC100128340	rs62397673
PROP1	rs62397673
N4BP3	rs62397673
RMND5B	rs62397673
NHP2	rs62397673
GMCL2	rs62397673
HNRNPAB	rs62397673
PHYKPL	rs62397673
CLK4	rs62397673
ZNF354A	rs62397673
AACSP1	rs62397673
ZNF354B	rs62397673
ZFP2	rs62397673
GRM6	rs62397673
ZNF879	rs62397673
ZNF354C	rs62397673
PLEKHG1	rs57960590
BPHL	rs7748275
KIF13A	rs146343288
KLHL32	rs17057973
AIG1	rs199256
ESR1	rs57960590
PRKN	rs4709698
PACRG	rs4709698
MYLK4	rs7748275
NQO2	rs7748275
SLC22A23	rs7748275
PRPF4B	rs7748275
ATXN1	rs146343288
CAP2	rs146343288
NUP153	rs146343288
KDM1B	rs146343288
MIR548A1HG	rs146343288
MSH5	rs72492309
MSH5-SAPCD1	rs72492309
EHMT2	rs72492309
TSBP1-AS1	rs72492309
BTNL2	rs72492309
SMIM40	rs72492309
ZBTB9	rs72492309
UFL1	rs17057973
GPR63	rs17057973
MMS22L	rs17057973
LOC101927314	rs17057973
VTA1	rs199256
ADGRG6	rs199256
LOC153910	rs199256
HIVEP2	rs199256
PEX3	rs199256
PHACTR2	rs199256
MTHFD1L	rs57960590
LOC102723831	rs57960590
AKAP12	rs57960590
ARMT1	rs57960590
CCDC170	rs57960590
SYNE1	rs57960590
QKI	rs4709698
LINC01600	rs7748275
LINC02521	rs7748275
WRNIP1	rs7748275
SERPINB1	rs7748275
MIR4645	rs7748275
SERPINB9P1	rs7748275
LOC101927730	rs7748275
SERPINB9	rs7748275
SERPINB6	rs7748275
LINC01011	rs7748275
HTATSF1P2	rs7748275
LOC101927759	rs7748275
RIPK1	rs7748275
TUBB2A	rs7748275
LINC02525	rs7748275
TUBB2B	rs7748275
LOC100422781	rs7748275
PSMG4	rs7748275
LOC643327	rs7748275
PXDC1	rs7748275
FAM50B	rs7748275
FAM217A	rs7748275
C6orf201	rs7748275
ECI2	rs7748275
ECI2-DT	rs7748275
LOC102724096	rs7748275
LINC02533	rs7748275
ATXN1-AS1	rs146343288
STMND1	rs146343288
RBM24	rs146343288
LOC101928491	rs146343288
FAM8A1	rs146343288
LOC105374952	rs146343288
NHLRC1	rs146343288
TPMT	rs146343288
DEK	rs146343288
RNF144B	rs146343288
MIR548A1	rs146343288
LTA	rs72492309
TNF	rs72492309
LTB	rs72492309
LST1	rs72492309
NCR3	rs72492309
AIF1	rs72492309
PRRC2A	rs72492309
SNORA38	rs72492309
MIR6832	rs72492309
BAG6	rs72492309
APOM	rs72492309
C6orf47	rs72492309
GPANK1	rs72492309
CSNK2B	rs72492309
LY6G5B	rs72492309
LY6G5C	rs72492309
ABHD16A	rs72492309
MIR4646	rs72492309
LY6G6F	rs72492309
LY6G6F-LY6G6D	rs72492309
LY6G6E	rs72492309
LY6G6D	rs72492309
LY6G6C	rs72492309
MPIG6B	rs72492309
DDAH2	rs72492309
CLIC1	rs72492309
SAPCD1	rs72492309
SAPCD1-AS1	rs72492309
VWA7	rs72492309
VARS1	rs72492309
LSM2	rs72492309
HSPA1L	rs72492309
HSPA1A	rs72492309
HSPA1B	rs72492309
SNHG32	rs72492309
SNORD48	rs72492309
SNORD52	rs72492309
NEU1	rs72492309
SLC44A4	rs72492309
C2	rs72492309
ZBTB12	rs72492309
C2-AS1	rs72492309
CFB	rs72492309
NELFE	rs72492309
MIR1236	rs72492309
SKIV2L	rs72492309
DXO	rs72492309
STK19	rs72492309
C4A	rs72492309
CYP21A1P	rs72492309
TNXA	rs72492309
C4B	rs72492309
CYP21A2	rs72492309
TNXB	rs72492309
ATF6B	rs72492309
FKBPL	rs72492309
PRRT1	rs72492309
LOC100507547	rs72492309
PPT2	rs72492309
PPT2-EGFL8	rs72492309
EGFL8	rs72492309
AGPAT1	rs72492309
MIR6721	rs72492309
RNF5	rs72492309
MIR6833	rs72492309
AGER	rs72492309
PBX2	rs72492309
GPSM3	rs72492309
NOTCH4	rs72492309
TSBP1	rs72492309
HCG23	rs72492309
HLA-DRA	rs72492309
HLA-DRB5	rs72492309
HLA-DRB6	rs72492309
HLA-DRB1	rs72492309
HLA-DQA1	rs72492309
HLA-DQB1	rs72492309
HLA-DQB1-AS1	rs72492309
HLA-DQA2	rs72492309
MIR3135B	rs72492309
HLA-DQB2	rs72492309
HLA-DOB	rs72492309
TAP2	rs72492309
PSMB8	rs72492309
PSMB8-AS1	rs72492309
TAP1	rs72492309
PSMB9	rs72492309
LOC100294145	rs72492309
HLA-DMB	rs72492309
HLA-DMA	rs72492309
BRD2	rs72492309
HLA-DOA	rs72492309
HLA-DPA1	rs72492309
HLA-DPB1	rs72492309
HLA-DPB2	rs72492309
HCG24	rs72492309
COL11A2	rs72492309
RXRB	rs72492309
SLC39A7	rs72492309
HSD17B8	rs72492309
MIR219A1	rs72492309
RING1	rs72492309
HCG25	rs72492309
VPS52	rs72492309
RPS18	rs72492309
B3GALT4	rs72492309
WDR46	rs72492309
MIR6873	rs72492309
PFDN6	rs72492309
MIR6834	rs72492309
RGL2	rs72492309
TAPBP	rs72492309
ZBTB22	rs72492309
DAXX	rs72492309
KIFC1	rs72492309
PHF1	rs72492309
CUTA	rs72492309
SYNGAP1	rs72492309
MIR5004	rs72492309
BAK1	rs72492309
FHL5	rs17057973
NDUFAF4	rs17057973
MIR2113	rs17057973
NMBR	rs199256
GJE1	rs199256
LINC01277	rs199256
ADAT2	rs199256
FUCA2	rs199256
PHACTR2-AS1	rs199256
IYD	rs57960590
MIR12131	rs57960590
ZBTB2	rs57960590
RMND1	rs57960590
PACRG-AS2	rs4709698
PACRG-AS3	rs4709698
PACRG-AS1	rs4709698
DKFZp451B082	rs4709698
CAHM	rs4709698
LOC102724152	rs4709698
BBS9	rs7455465
MAD1L1	rs6461701
SDK1	rs6461701
THSD7A	rs10260419
NPSR1-AS1	rs7455465
COBL	rs56236040
AUTS2	rs113494645
CALN1	rs113494645
PLXNA4	rs11980115
EXOC4	rs11980115
LOC101927914	rs142825068
PTPRN2	rs142825068
IQCE	rs6461701
AMZ1	rs6461701
GNA12	rs6461701
CARD11	rs6461701
MGC4859	rs10260419
PHF14	rs10260419
SKAP2	rs11973028
HIBADH	rs11973028
TSL	rs11973028
TAX1BP1	rs11973028
JAZF1	rs11973028
CREB5	rs11973028
BMPER	rs7455465
NPSR1	rs7455465
DPY19L1	rs7455465
DPY19L2P1	rs7455465
TBX20	rs7455465
LOC401324	rs7455465
LINC01449	rs9791676
INHBA-AS1	rs9791676
GLI3	rs9791676
LINC01448	rs9791676
IKZF1	rs56236040
DDC	rs56236040
GRB10	rs56236040
GALNT17	rs113494645
TYW1B	rs113494645
FLJ40288	rs11980115
CHCHD3	rs11980115
LRGUK	rs11980115
NOM1	rs142825068
UBE3C	rs142825068
DNAJB6	rs142825068
NCAPG2	rs142825068
ESYT2	rs142825068
WDR60	rs142825068
SNORA114	rs6461701
MRM2	rs6461701
NUDT1	rs6461701
SNX8	rs6461701
MIR6836	rs6461701
EIF3B	rs6461701
CHST12	rs6461701
GRIFIN	rs6461701
LFNG	rs6461701
MIR4648	rs6461701
BRAT1	rs6461701
TTYH3	rs6461701
LOC100129603	rs6461701
LOC100131472	rs10260419
NDUFA4	rs10260419
TMEM106B	rs10260419
VWDE	rs10260419
HOXA1	rs11973028
HOTAIRM1	rs11973028
HOXA2	rs11973028
HOXA3	rs11973028
HOXA-AS2	rs11973028
HOXA4	rs11973028
HOXA-AS3	rs11973028
HOXA5	rs11973028
HOXA6	rs11973028
HOXA7	rs11973028
HOXA9	rs11973028
HOXA10-HOXA9	rs11973028
HOXA10-AS	rs11973028
MIR196B	rs11973028
HOXA10	rs11973028
HOXA11	rs11973028
HOXA11-AS	rs11973028
HOXA13	rs11973028
HOTTIP	rs11973028
EVX1-AS	rs11973028
EVX1	rs11973028
JAZF1-AS1	rs11973028
MIR548N	rs7455465
INHBA	rs9791676
C7orf25	rs9791676
PSMA2	rs9791676
MRPL32	rs9791676
FIGNL1	rs56236040
DDC-AS1	rs56236040
LOC107986794	rs56236040
LOC401357	rs151224156
LOC100130849	rs151224156
MIR4283-1	rs151224156
ZNF479	rs151224156
GUSBP10	rs151224156
LOC105375297	rs151224156
LOC100653233	rs151224156
MIR3147	rs151224156
ZNF716	rs151224156
MIR3914-1	rs113494645
MIR3914-2	rs113494645
LOC100506937	rs11980115
MIR3654	rs11980115
LOC105375512	rs11980115
MIR6133	rs11980115
LOC101928861	rs11980115
SLC35B4	rs11980115
AKR1B1	rs11980115
MNX1	rs142825068
MNX1-AS2	rs142825068
MNX1-AS1	rs142825068
MIR153-2	rs142825068
LOC100506585	rs142825068
MIR595	rs142825068
LINC01022	rs142825068
MIR5707	rs142825068
SGCZ	rs80119973
RBPMS	rs11451120
NRG1	rs11451120
SNTG1	rs67729017
DLC1	rs80119973
DCTN6	rs11451120
GSR	rs11451120
WRN	rs11451120
NRG1-IT1	rs11451120
CASC21	rs12546957
CASC8	rs12546957
C8orf48	rs80119973
LOC102725080	rs80119973
MIR383	rs80119973
RBPMS-AS1	rs11451120
GTF2E2	rs11451120
SMIM18	rs11451120
UBXN8	rs11451120
PPP2CB	rs11451120
TEX15	rs11451120
PURG	rs11451120
SNAI2	rs67729017
PPDPFL	rs67729017
LOC100507464	rs67729017
LINC00861	rs12546957
LOC101927657	rs12546957
LRATD2	rs12546957
PCAT1	rs12546957
PCAT2	rs12546957
PRNCR1	rs12546957
CASC19	rs12546957
CCAT1	rs12546957
CCAT2	rs12546957
POU5F1B	rs12546957
TRPM3	rs61658193
DAPK1	rs79925169
CEMIP2	rs61658193
C9orf85	rs61658193
GDA	rs61658193
ZFAND5	rs61658193
TMC1	rs61658193
GNAQ	rs72745575
CEP78	rs72745575
TLE4	rs72745575
LINC01507	rs72745575
NAA35	rs79925169
C9orf153	rs79925169
LOC440173	rs79925169
MIR204	rs61658193
ABHD17B	rs61658193
C9orf57	rs61658193
LINC01504	rs61658193
PSAT1	rs72745575
LOC101927450	rs72745575
GOLM1	rs79925169
LOC101927623	rs79925169
ISCA1	rs79925169
TUT7	rs79925169
GAS1	rs79925169
GAS1RR	rs79925169
LOC494127	rs79925169
LINC02872	rs79925169
DAPK1-IT1	rs79925169
CTSL	rs79925169
CTSL3P	rs79925169
CTSLP8	rs79925169
PTCHD1-AS	rs73468194
DMD	rs34097398
EFHC2	rs144199732
ZDHHC9	rs5932545
ENOX2	rs5932545
GYG2	rs113446565
ARSL	rs113446565
ARSF	rs113446565
PRKX	rs113446565
PHEX	rs73468194
ACOT9	rs73468194
APOO	rs73468194
MAOA	rs144199732
MAOB	rs144199732
RHOXF1-AS1	rs34350340
TMEM255A	rs34350340
CUL4B	rs34350340
CT47A12	rs34350340
SMARCA1	rs5932545
OCRL	rs5932545
ELF4	rs5932545
ZNF280C	rs5932545
SLC25A14	rs5932545
DENND10P1	rs5932545
ARSD	rs113446565
ARSD-AS1	rs113446565
ARSH	rs113446565
LINC01546	rs113446565
MXRA5	rs113446565
SNORA48B	rs113446565
PRKX-AS1	rs113446565
LOC389906	rs113446565
FAM239A	rs113446565
FAM239B	rs113446565
LOC101928201	rs113446565
PHEX-AS1	rs73468194
CBLL2	rs73468194
DDX53	rs73468194
PTCHD1	rs73468194
PRDX4	rs73468194
SAT1	rs73468194
CXorf58	rs73468194
KLHL15	rs73468194
EIF2S3	rs73468194
MIR3915	rs34097398
MIR548F5	rs34097398
FAM47A	rs34097398
PPP1R2C	rs144199732
PINCR	rs144199732
NDP	rs144199732
NDP-AS1	rs144199732
SOWAHD	rs34350340
RPL39	rs34350340
SNORA69	rs34350340
UPF3B	rs34350340
RNF113A	rs34350340
NDUFA1	rs34350340
AKAP14	rs34350340
NKAP	rs34350340
RHOXF1P1	rs34350340
RHOXF2B	rs34350340
RHOXF1	rs34350340
LINC01402	rs34350340
RHOXF2	rs34350340
NKAPP1	rs34350340
ZBTB33	rs34350340
ATP1B4	rs34350340
LAMP2	rs34350340
MCTS1	rs34350340
C1GALT1C1	rs34350340
CT47B1	rs34350340
CT47A11	rs34350340
CT47A10	rs34350340
CT47A9	rs34350340
CT47A8	rs34350340
CT47A7	rs34350340
CT47A6	rs34350340
CT47A5	rs34350340
CT47A4	rs34350340
CT47A3	rs34350340
CT47A2	rs34350340
CT47A1	rs34350340
GLUD2	rs34350340
MIR3672	rs34350340
APLN	rs5932545
XPNPEP2	rs5932545
SASH3	rs5932545
UTP14A	rs5932545
BCORL1	rs5932545
AIFM1	rs5932545
RAB33A	rs5932545
GPR119	rs5932545
RBMX2	rs5932545
GTPBP4	rs145022376
ZMIZ1-AS1	rs74477043
ZMYND11	rs145022376
DIP2C	rs145022376
LARP4B	rs145022376
ADARB2	rs145022376
ADARB2-AS1	rs145022376
ACBD5	rs1934363
MKX-AS1	rs1934363
ARMC4	rs1934363
MPP7	rs1934363
WAC	rs1934363
BAMBI	rs1934363
LOC441666	rs76731728
DLG5	rs74477043
ZMIZ1	rs74477043
LINC02679	rs74477043
NUTM2B-AS1	rs74477043
XPNPEP1	rs4918665
ADD3	rs4918665
SMC3	rs4918665
RBM20	rs4918665
GRK5	rs870274
INPP5F	rs870274
PLPP4	rs870274
WDR11-AS1	rs870274
LOC101930421	rs145022376
MIR5699	rs145022376
PRR26	rs145022376
LOC101927762	rs145022376
IDI2	rs145022376
IDI2-AS1	rs145022376
IDI1	rs145022376
WDR37	rs145022376
LINC00200	rs145022376
LINC00700	rs145022376
MIR6072	rs145022376
LRRC37A6P	rs1934363
ARMC4P1	rs1934363
PTCHD3	rs1934363
RAB18	rs1934363
MKX	rs1934363
SNORD130	rs1934363
MIR8086	rs1934363
WAC-AS1	rs1934363
LINC01517	rs1934363
LINC00837	rs1934363
C10orf126	rs1934363
DLG5-AS1	rs74477043
POLR3A	rs74477043
RPS24	rs74477043
LINC00856	rs74477043
LINC00595	rs74477043
PPIF	rs74477043
ZCCHC24	rs74477043
LOC729815	rs74477043
EIF5AL1	rs74477043
SFTPA2	rs74477043
SFTPA1	rs74477043
BEND3P3	rs74477043
NUTM2B	rs74477043
LOC642361	rs74477043
NUTM2E	rs74477043
ADD3-AS1	rs4918665
LOC105378479	rs4918665
MXI1	rs4918665
SMNDC1	rs4918665
DUSP5	rs4918665
MIR4681	rs870274
RGS10	rs870274
TIAL1	rs870274
BAG3	rs870274
MCMBP	rs870274
SEC23IP	rs870274
MIR4682	rs870274
LINC01561	rs870274
WDR11	rs870274
C11orf53	rs4936453
LINC02762	rs4936453
CADM1	rs1791890
ARHGAP20	rs4936453
LAYN	rs4936453
SIK2	rs4936453
ALG9	rs4936453
DIXDC1	rs4936453
PIH1D2	rs4936453
BCO2	rs4936453
LINC02702	rs1791890
ZPR1	rs1791890
SIK3	rs1791890
PAFAH1B2	rs1791890
LINC02550	rs4936453
COLCA1	rs4936453
COLCA2	rs4936453
MIR4491	rs4936453
POU2AF1	rs4936453
LOC100132078	rs4936453
BTG4	rs4936453
LOC728196	rs4936453
MIR34B	rs4936453
MIR34C	rs4936453
C11orf88	rs4936453
PPP2R1B	rs4936453
FDXACB1	rs4936453
C11orf1	rs4936453
CRYAB	rs4936453
HSPB2	rs4936453
HSPB2-C11orf52	rs4936453
C11orf52	rs4936453
DLAT	rs4936453
NKAPD1	rs4936453
TIMM8B	rs4936453
SDHD	rs4936453
IL18	rs4936453
TEX12	rs4936453
PTS	rs4936453
PLET1	rs4936453
LOC100132686	rs4936453
LINC02763	rs4936453
LINC02764	rs4936453
LOC105369509	rs1791890
LOC105369507	rs1791890
LOC101928985	rs1791890
LINC00900	rs1791890
BUD13	rs1791890
APOA5	rs1791890
APOA4	rs1791890
APOC3	rs1791890
APOA1	rs1791890
APOA1-AS	rs1791890
SIDT2	rs1791890
LOC100652768	rs1791890
TAGLN	rs1791890
PCSK7	rs1791890
RNF214	rs1791890
CYSLTR2	rs9316411
LOC101927284	rs1164587
UGGT2	rs1164587
TFDP1	rs78649302
PLUT	rs78950910
PAN3	rs78950910
FLT1	rs78950910
MTUS2	rs78950910
SLC7A1	rs78950910
RB1	rs9316411
LINC00462	rs9316411
FNDC3A	rs9316411
LINC00440	rs140884924
ABCC4	rs1164587
CLDN10	rs1164587
DNAJC3	rs1164587
HS6ST3	rs1164587
SOX1-OT	rs78649302
SOX1	rs78649302
LINC01070	rs78649302
LINC01044	rs78649302
ATP11A	rs78649302
MCF2L	rs78649302
F7	rs78649302
CUL4A	rs78649302
TMCO3	rs78649302
GRK1	rs78649302
GSX1	rs78950910
PDX1	rs78950910
LINC00543	rs78950910
CDX2	rs78950910
URAD	rs78950910
FLT3	rs78950910
PAN3-AS1	rs78950910
POMP	rs78950910
SLC46A3	rs78950910
MTUS2-AS1	rs78950910
LOC102723345	rs78950910
LINC00562	rs9316411
SUCLA2	rs9316411
NUDT15	rs9316411
MED4	rs9316411
MED4-AS1	rs9316411
ITM2B	rs9316411
RB1-DT	rs9316411
LPAR6	rs9316411
RCBTB2	rs9316411
LINC01047	rs140884924
LINC01040	rs140884924
LINC00353	rs140884924
LINC00559	rs140884924
MIR622	rs140884924
LINC01049	rs140884924
LINC00410	rs140884924
LINC00380	rs140884924
LINC00379	rs140884924
LINC00557	rs1164587
SNORD13G	rs1164587
CLDN10-AS1	rs1164587
DZIP1	rs1164587
DNAJC3-DT	rs1164587
MIR4501	rs1164587
LINC00354	rs78649302
LOC100506016	rs78649302
LOC101928730	rs78649302
LINC01043	rs78649302
SPACA7	rs78649302
TUBGCP3	rs78649302
ATP11AUN	rs78649302
ATP11A-AS1	rs78649302
MCF2L-AS1	rs78649302
F10	rs78649302
F10-AS1	rs78649302
PROZ	rs78649302
PCID2	rs78649302
MIR8075	rs78649302
LAMP1	rs78649302
GRTP1	rs78649302
GRTP1-AS1	rs78649302
LOC101928841	rs78649302
ADPRHL1	rs78649302
DCUN1D2	rs78649302
ATP4B	rs78649302
LINC00552	rs78649302
TMEM255B	rs78649302
LINC02588	rs61974021
LINC02294	rs61974021
EML5	rs243172
NOVA1	rs61974021
KCNK10	rs243172
SPATA7	rs243172
PTPN21	rs243172
FOXN3	rs243172
EFCAB11	rs243172
TDP1	rs243172
KCNK13	rs243172
LINC02293	rs61974021
MIR4307HG	rs61974021
MIR4307	rs61974021
LINC01146	rs243172
ZC3H14	rs243172
TTC8	rs243172
FOXN3-AS1	rs243172
FOXN3-AS2	rs243172
LINC02346	rs10400919
GABRG3	rs10400919
OCA2	rs10400919
FAM81A	rs7172033
RORA-AS1	rs7172033
RORA	rs7172033
ATP10A	rs10400919
GABRB3	rs10400919
GABRA5	rs10400919
ADAM10	rs7172033
MINDY2	rs7172033
RNF111	rs7172033
MYO1E	rs7172033
ANXA2	rs7172033
MIR4715	rs10400919
LINC00929	rs10400919
GABRG3-AS1	rs10400919
HSP90AB4P	rs7172033
LOC101928725	rs7172033
SLTM	rs7172033
CCNB2	rs7172033
MIR2116	rs7172033
LDHAL6B	rs7172033
GCNT3	rs7172033
GTF2A2	rs7172033
BNIP2	rs7172033
FOXB1	rs7172033
ICE2	rs7172033
ADCY7	rs59923016
LINC01572	rs8060270
CNTNAP4	rs34344307
WWOX	rs11150225
CDYL2	rs11150225
C16orf78	rs59923016
ZNF423	rs59923016
CNEP1R1	rs59923016
TENT4B	rs59923016
NKD1	rs59923016
ZFHX3	rs8060270
LINC02125	rs34344307
ADAMTS18	rs34344307
VAT1L	rs34344307
LINC01229	rs11150225
LOC102724084	rs11150225
ARLNC1	rs7206411
CMC2	rs7206411
GAN	rs7206411
CMIP	rs7206411
PLCG2	rs7206411
MPHOSPH6	rs7206411
CBLN1	rs59923016
ADAM3B	rs59923016
HEATR3	rs59923016
MIR6771	rs59923016
BRD7	rs59923016
LINC02178	rs59923016
SNX20	rs59923016
LOC101927272	rs59923016
NOD2	rs59923016
HCCAT5	rs8060270
LINC01568	rs8060270
LOC101928035	rs8060270
PSMD7	rs8060270
LOC283922	rs8060270
NPIPB15	rs8060270
MIR4719	rs34344307
MON1B	rs34344307
SYCE1L	rs34344307
NUDT7	rs34344307
MAF	rs11150225
MAFTRR	rs11150225
DYNLRB2	rs11150225
LINC01227	rs11150225
CENPN	rs7206411
ATMIN	rs7206411
C16orf46	rs7206411
GCSH	rs7206411
PKD1L2	rs7206411
BCO1	rs7206411
MIR4720	rs7206411
MIR7854	rs7206411
MIR6504	rs7206411
LOC100129617	rs7206411
SDR42E1	rs7206411
HSD17B2	rs7206411
UBE2G1	rs11426758
RABEP1	rs8069681
EFCAB5	rs144055451
DHX40	rs12603880
SPATA22	rs11426758
SHPK	rs11426758
ITGAE	rs11426758
P2RX1	rs11426758
ZZEF1	rs11426758
MYBBP1A	rs11426758
PELP1	rs11426758
PLD2	rs8069681
PFN1	rs8069681
LOC100130950	rs8069681
LOC339166	rs8069681
TAOK1	rs144055451
SSH2	rs144055451
GOSR1	rs144055451
SUZ12P1	rs144055451
TEFM	rs144055451
TEX14	rs12603880
PPM1E	rs12603880
TRIM37	rs12603880
PRR11	rs12603880
YPEL2	rs12603880
LINC01476	rs12603880
VMP1	rs12603880
TBC1D3P1-DHX40P1	rs12603880
RNFT1-DT	rs12603880
USP32	rs12603880
APPBP2	rs12603880
OR1E1	rs11426758
OR3A3	rs11426758
OR1E2	rs11426758
ASPA	rs11426758
TRPV3	rs11426758
TRPV1	rs11426758
CTNS	rs11426758
TAX1BP3	rs11426758
P2RX5-TAX1BP3	rs11426758
EMC6	rs11426758
P2RX5	rs11426758
HASPIN	rs11426758
NCBP3	rs11426758
CAMKK1	rs11426758
ATP2A3	rs11426758
LINC01975	rs11426758
CYB5D2	rs11426758
ANKFY1	rs11426758
SPNS3	rs11426758
SPNS2	rs11426758
GGT6	rs11426758
SMTNL2	rs11426758
LINC01996	rs11426758
ALOX15	rs11426758
LOC101559451	rs11426758
ARRB2	rs11426758
MED11	rs11426758
CXCL16	rs11426758
ZMYND15	rs11426758
TM4SF5	rs8069681
VMO1	rs8069681
GLTPD2	rs8069681
PSMB6	rs8069681
MINK1	rs8069681
CHRNE	rs8069681
C17orf107	rs8069681
GP1BA	rs8069681
SLC25A11	rs8069681
RNF167	rs8069681
ENO3	rs8069681
SPAG7	rs8069681
CAMTA2	rs8069681
MIR6864	rs8069681
MIR6865	rs8069681
INCA1	rs8069681
KIF1C	rs8069681
KIF1C-AS1	rs8069681
SLC52A1	rs8069681
ZFP3	rs8069681
ZNF232	rs8069681
LOC101928000	rs8069681
USP6	rs8069681
ZNF594	rs8069681
SCIMP	rs8069681
NUP88	rs8069681
RPAIN	rs8069681
C1QBP	rs8069681
DHX33	rs8069681
DHX33-DT	rs8069681
DERL2	rs8069681
MIS12	rs8069681
LOC728392	rs8069681
NLRP1	rs8069681
WSCD1	rs8069681
SEZ6	rs144055451
PIPOX	rs144055451
MYO18A	rs144055451
TIAF1	rs144055451
CRYBA1	rs144055451
NUFIP2	rs144055451
MIR4523	rs144055451
ABHD15	rs144055451
TP53I13	rs144055451
GIT1	rs144055451
ANKRD13B	rs144055451
CORO6	rs144055451
NSRP1	rs144055451
MIR423	rs144055451
MIR3184	rs144055451
SLC6A4	rs144055451
BLMH	rs144055451
TMIGD1	rs144055451
CPD	rs144055451
SMURF2P1-LRRC37BP1	rs144055451
SH3GL1P2	rs144055451
CRLF3	rs144055451
ATAD5	rs144055451
ADAP2	rs144055451
RNF135	rs144055451
RAD51C	rs12603880
SKA2	rs12603880
MIR454	rs12603880
MIR301A	rs12603880
SMG8	rs12603880
GDPD1	rs12603880
MIR4729	rs12603880
CLTC	rs12603880
PTRH2	rs12603880
MIR21	rs12603880
TUBD1	rs12603880
RPS6KB1	rs12603880
RNFT1	rs12603880
HEATR6	rs12603880
MIR4737	rs12603880
LOC105371849	rs12603880
WFDC21P	rs12603880
LOC653653	rs12603880
CA4	rs12603880
SCARNA20	rs12603880
C17orf64	rs12603880
LINC01999	rs12603880
DCC	rs11659469
LINC01630	rs11659469
CDH7	rs3867263
CDH19	rs3867263
MEX3C	rs11659469
GNA15	rs34357515
LOC100996351	rs34357515
ANKRD24	rs34357515
DOT1L	rs34357515
GNG7	rs34357515
TLE2	rs34357515
CELF5	rs34357515
NFIC	rs34357515
PIP5K1C	rs34357515
MATK	rs34357515
ZBTB7A	rs34357515
PLEKHJ1	rs34357515
MIR1227	rs34357515
MIR6789	rs34357515
SF3A2	rs34357515
AMH	rs34357515
MIR4321	rs34357515
JSRP1	rs34357515
OAZ1	rs34357515
PEAK3	rs34357515
LINGO3	rs34357515
LSM7	rs34357515
SPPL2B	rs34357515
TMPRSS9	rs34357515
TIMM13	rs34357515
LMNB2	rs34357515
MIR7108	rs34357515
LINC01775	rs34357515
GADD45B	rs34357515
MIR7850	rs34357515
DIRAS1	rs34357515
SLC39A3	rs34357515
SGTA	rs34357515
THOP1	rs34357515
ZNF554	rs34357515
ZNF555	rs34357515
ZNF556	rs34357515
ZNF57	rs34357515
ZNF77	rs34357515
TLE6	rs34357515
TLE5	rs34357515
GNA11	rs34357515
S1PR4	rs34357515
NCLN	rs34357515
SMIM24	rs34357515
DOHH	rs34357515
FZR1	rs34357515
C19orf71	rs34357515
MFSD12	rs34357515
HMG20B	rs34357515
GIPC3	rs34357515
TBXA2R	rs34357515
CACTIN-AS1	rs34357515
CACTIN	rs34357515
TJP3	rs34357515
APBA3	rs34357515
MRPL54	rs34357515
RAX2	rs34357515
ZFR2	rs34357515
ATCAY	rs34357515
NMRK2	rs34357515
DAPK3	rs34357515
MIR637	rs34357515
EEF2	rs34357515
SNORD37	rs34357515
PIAS4	rs34357515
MAP2K2	rs34357515
CREB3L3	rs34357515
SIRT6	rs34357515
SLX4IP	rs6134303
LOC101929413	rs6134303
LINC00687	rs6134303
SPTLC3	rs1413017
ISM1	rs1413017
TASP1	rs1413017
LINC01726	rs169225
LINC00261	rs169225
JAG1	rs6134303
MIR6870	rs6134303
LINC01752	rs6134303
LINC02871	rs6134303
LOC339593	rs6134303
BTBD3	rs6134303
LINC01722	rs1413017
LOC102606466	rs1413017
LINC01723	rs1413017
ISM1-AS1	rs1413017
NKX2-2	rs169225
LINC01727	rs169225
PAX1	rs169225
LINC01432	rs169225
LINC01427	rs169225
LOC284788	rs169225
FOXA2	rs169225
LNCNEF	rs169225
LINC01747	rs169225
SSTR4	rs169225
THBD	rs169225
CD93	rs169225
LINC00656	rs169225
NXT1	rs169225
LINC01431	rs169225
GZF1	rs169225
NAPB	rs169225
USP16	rs845930
LINC00320	rs111478044
MAP3K7CL	rs845930
GRIK1	rs845930
CLDN8	rs845930
LINC01683	rs111478044
LINC02573	rs111478044
MIR6130	rs2829235
D21S2088E	rs2829235
LTN1	rs845930
RWDD2B	rs845930
CCT8	rs845930
LINC00189	rs845930
BACH1	rs845930
BACH1-IT2	rs845930
BACH1-IT3	rs845930
GRIK1-AS2	rs845930
GRIK1-AS1	rs845930
CLDN17	rs845930
LINC00307	rs845930
KRTAP24-1	rs845930
KRTAP25-1	rs845930
KRTAP26-1	rs845930
KRTAP27-1	rs845930
KRTAP23-1	rs845930
KRTAP13-2	rs845930
MIR4327	rs845930
KRTAP13-1	rs845930
KRTAP13-3	rs845930
KRTAP13-4	rs845930
KRTAP15-1	rs845930
KRTAP19-1	rs845930
KRTAP19-2	rs845930
KRTAP19-3	rs845930
KRTAP19-4	rs845930
KRTAP19-5	rs845930
KRTAP19-6	rs845930
KRTAP19-7	rs845930
KRTAP22-2	rs845930
KRTAP6-3	rs845930
KRTAP6-2	rs845930
KRTAP22-1	rs845930
KRTAP6-1	rs845930
KRTAP20-1	rs845930
KRTAP20-4	rs845930
KRTAP20-2	rs845930
KRTAP20-3	rs845930
KRTAP21-3	rs845930
KRTAP21-2	rs845930
KRTAP21-1	rs845930
KRTAP8-1	rs845930
KRTAP7-1	rs845930
KRTAP11-1	rs845930
FAM230F	rs5993791
TXNRD2	rs5993791
PITPNB	rs35941888
ZNRF3	rs35941888
PRR5	rs135573
ATXN10	rs135573
FAM230E	rs5993791
DGCR5	rs5993791
DGCR9	rs5993791
GSC2	rs5993791
CLTCL1	rs5993791
HIRA	rs5993791
GNB1L	rs5993791
TANGO2	rs5993791
MN1	rs35941888
TTC28	rs35941888
CHEK2	rs35941888
PRR5-ARHGAP8	rs135573
ARHGAP8	rs135573
PHF21B	rs135573
KIAA0930	rs135573
SMC1B	rs135573
CELSR1	rs135573
GRAMD4	rs135573
FAM230D	rs5993791
GGT3P	rs5993791
LOC102725072	rs5993791
DGCR6	rs5993791
PRODH	rs5993791
DGCR10	rs5993791
DGCR2	rs5993791
DGCR11	rs5993791
ESS2	rs5993791
TSSK2	rs5993791
LINC01311	rs5993791
SLC25A1	rs5993791
MRPL40	rs5993791
C22orf39	rs5993791
UFD1	rs5993791
CDC45	rs5993791
CLDN5	rs5993791
LINC00895	rs5993791
SEPTIN5	rs5993791
SEPT5-GP1BB	rs5993791
GP1BB	rs5993791
TBX1	rs5993791
RTL10	rs5993791
COMT	rs5993791
MIR4761	rs5993791
ARVCF	rs5993791
MIR185	rs5993791
DGCR8	rs5993791
MIR3618	rs5993791
MIR1306	rs5993791
TRMT2A	rs5993791
MIR6816	rs5993791
RANBP1	rs5993791
SNORA77B	rs5993791
ZDHHC8	rs5993791
CCDC188	rs5993791
LOC284865	rs5993791
LINC00896	rs5993791
RTN4R	rs5993791
MIR1286	rs5993791
DGCR6L	rs5993791
FAM230A	rs5993791
GGTLC3	rs5993791
TMEM191B	rs5993791
PI4KAP1	rs5993791
RIMBP3	rs5993791
FAM230J	rs5993791
LOC284898	rs35941888
LOC105372977	rs35941888
LINC01638	rs35941888
LINC02554	rs35941888
TTC28-AS1	rs35941888
MIR3199-1	rs35941888
MIR3199-2	rs35941888
MIR5739	rs35941888
HSCB	rs35941888
CCDC117	rs35941888
XBP1	rs35941888
LOC101927551	rs135573
NUP50-DT	rs135573
NUP50	rs135573
LOC105373064	rs135573
MIR1249	rs135573
UPK3A	rs135573
FAM118A	rs135573
RIBC2	rs135573
FBLN1	rs135573
LINC01589	rs135573
MIR4762	rs135573
WNT7B	rs135573
LOC730668	rs135573
LINC00899	rs135573
PRR34-AS1	rs135573
LOC642648	rs135573
MIRLET7BHG	rs135573
MIR3619	rs135573
MIRLET7A3	rs135573
MIR4763	rs135573
MIRLET7B	rs135573
PPARA	rs135573
CDPF1	rs135573
PKDREJ	rs135573
TTC38	rs135573
GTSE1-DT	rs135573
GTSE1	rs135573
TRMU	rs135573
CERK	rs135573
