ENSG00000173898	7.88844087536913	NA	1e+05
ENSG00000126214	7.88844087536913	NA	1e+05
ENSG00000005243	7.16975073679782	NA	1e+05
ENSG00000174903	10.5322021257623	NA	1e+05
ENSG00000254647	9.30469722941339	NA	1e+05
ENSG00000158560	8.54691015868168	NA	1e+05
ENSG00000237649	6.78190524260123	NA	1e+05
ENSG00000165115	5.93060409260645	NA	1e+05
ENSG00000134287	7.88844087536913	NA	1e+05
ENSG00000174996	7.35600904580114	NA	1e+05
ENSG00000066735	6.37049070413192	NA	1e+05
ENSG00000137100	6.97852292206004	NA	1e+05
ENSG00000196169	5.93060409260645	NA	1e+05
ENSG00000105829	7.16975073679782	NA	1e+05
ENSG00000151150	6.37049070413192	NA	1e+05
ENSG00000138160	9.44896470440803	NA	1e+05
ENSG00000142945	11.2765483345962	NA	1e+05
ENSG00000054523	6.57941450780589	NA	1e+05
ENSG00000088986	12.9515904102128	NA	1e+05
ENSG00000100196	7.53766625262778	NA	1e+05
ENSG00000131437	8.54691015868168	NA	1e+05
ENSG00000105669	6.78190524260123	NA	1e+05
ENSG00000104915	3.67800452290057	NA	1e+05
ENSG00000100280	4.3518736400162	NA	1e+05
ENSG00000149043	5.45536231565324	NA	1e+05
ENSG00000006125	7.53766625262778	NA	1e+05
ENSG00000143858	6.15447872344488	NA	1e+05
ENSG00000198399	5.93060409260645	NA	1e+05
ENSG00000159082	6.78190524260123	NA	1e+05
ENSG00000132718	5.45536231565324	NA	1e+05
ENSG00000205726	7.71504737445591	NA	1e+05
ENSG00000241685	7.16975073679782	NA	1e+05
ENSG00000185359	7.88844087536913	NA	1e+05
ENSG00000183020	7.35600904580114	NA	1e+05
ENSG00000223501	6.57941450780589	NA	1e+05
ENSG00000127946	6.15447872344488	NA	1e+05
ENSG00000143947	23.6080908068326	NA	1e+05
ENSG00000166747	5.45536231565324	NA	1e+05
ENSG00000072958	5.45536231565324	NA	1e+05
ENSG00000085733	6.97852292206004	NA	1e+05
ENSG00000111229	6.97852292206004	NA	1e+05
ENSG00000180530	7.16975073679782	NA	1e+05
ENSG00000091831	10.7860265402095	NA	1e+05
ENSG00000107485	6.37049070413192	NA	1e+05
ENSG00000096060	3.67800452290057	NA	1e+05
ENSG00000204389	8.22426813475736	NA	1e+05
ENSG00000140332	6.37049070413192	NA	1e+05
ENSG00000170606	7.16975073679782	NA	1e+05
ENSG00000100393	15.6909035534185	NA	1e+05
ENSG00000204390	6.78190524260123	NA	1e+05
ENSG00000160868	5.20148387875557	NA	1e+05
ENSG00000106258	4.3518736400162	NA	1e+05
ENSG00000140505	3.67800452290057	NA	1e+05
ENSG00000138356	5.45536231565324	NA	1e+05
ENSG00000140465	6.15447872344488	NA	1e+05
ENSG00000282301	4.02905208759734	NA	1e+05
ENSG00000099795	7.16975073679782	NA	1e+05
ENSG00000184752	7.35600904580114	NA	1e+05
ENSG00000186010	6.37049070413192	NA	1e+05
ENSG00000110717	6.97852292206004	NA	1e+05
ENSG00000065518	6.37049070413192	NA	1e+05
ENSG00000183648	6.15447872344488	NA	1e+05
ENSG00000113845	5.20148387875557	NA	1e+05
ENSG00000184983	7.35600904580114	NA	1e+05
ENSG00000145494	6.97852292206004	NA	1e+05
ENSG00000167792	6.57941450780589	NA	1e+05
ENSG00000185624	8.54691015868168	NA	1e+05
ENSG00000143870	6.57941450780589	NA	1e+05
ENSG00000104774	4.02905208759734	NA	1e+05
ENSG00000166147	7.35600904580114	NA	1e+05
ENSG00000163430	6.57941450780589	NA	1e+05
ENSG00000141753	7.16975073679782	NA	1e+05
ENSG00000182718	4.65234861470669	NA	1e+05
ENSG00000118785	7.88844087536913	NA	1e+05
ENSG00000165280	7.53766625262778	NA	1e+05
ENSG00000152592	6.15447872344488	NA	1e+05
ENSG00000244731	7.71504737445591	NA	1e+05
ENSG00000152583	6.97852292206004	NA	1e+05
ENSG00000084234	6.97852292206004	NA	1e+05
ENSG00000100097	6.97852292206004	NA	1e+05
ENSG00000115414	11.0340135687017	NA	1e+05
ENSG00000183098	3.67800452290057	NA	1e+05
ENSG00000240065	11.1559400719253	NA	1e+05
ENSG00000161057	11.3958802115756	NA	1e+05
ENSG00000108671	10.7860265402095	NA	1e+05
ENSG00000100902	11.2765483345962	NA	1e+05
ENSG00000127527	6.78190524260123	NA	1e+05
ENSG00000136930	11.1559400719253	NA	1e+05
ENSG00000130475	5.20148387875557	NA	1e+05
ENSG00000136986	4.3518736400162	NA	1e+05
ENSG00000221983	20.7408150563368	NA	1e+05
ENSG00000154611	10.4029677575111	NA	1e+05
ENSG00000204308	3.67800452290057	NA	1e+05
ENSG00000109062	8.54691015868168	NA	1e+05
ENSG00000277791	10.9107246313065	NA	1e+05
ENSG00000108344	10.7860265402095	NA	1e+05
ENSG00000185627	10.4029677575111	NA	1e+05
ENSG00000143106	11.0340135687017	NA	1e+05
ENSG00000204264	12.7409814082638	NA	1e+05
ENSG00000041357	11.0340135687017	NA	1e+05
ENSG00000100764	11.1559400719253	NA	1e+05
ENSG00000066136	4.02905208759734	NA	1e+05
ENSG00000160752	5.20148387875557	NA	1e+05
ENSG00000198911	4.65234861470669	NA	1e+05
ENSG00000144118	4.02905208759734	NA	1e+05
ENSG00000197122	11.0340135687017	NA	1e+05
ENSG00000237441	12.9515904102128	NA	1e+05
ENSG00000156711	4.65234861470669	NA	1e+05
ENSG00000169696	3.67800452290057	NA	1e+05
ENSG00000112062	10.4029677575111	NA	1e+05
ENSG00000174775	12.7409814082638	NA	1e+05
ENSG00000109339	4.93456088085441	NA	1e+05
ENSG00000180104	4.3518736400162	NA	1e+05
ENSG00000116266	4.93456088085441	NA	1e+05
ENSG00000167535	9.59106237281585	NA	1e+05
ENSG00000088367	4.93456088085441	NA	1e+05
ENSG00000074855	5.20148387875557	NA	1e+05
ENSG00000089199	5.45536231565324	NA	1e+05
ENSG00000177666	6.15447872344488	NA	1e+05
ENSG00000151655	5.69794010578779	NA	1e+05
ENSG00000115461	6.78190524260123	NA	1e+05
ENSG00000213923	10.2721076079703	NA	1e+05
ENSG00000134982	6.97852292206004	NA	1e+05
ENSG00000117153	7.16975073679782	NA	1e+05
ENSG00000082701	9.86912176170884	NA	1e+05
ENSG00000162337	5.45536231565324	NA	1e+05
ENSG00000198742	11.2765483345962	NA	1e+05
ENSG00000036257	13.3628540353585	NA	1e+05
ENSG00000128340	8.85780786474662	NA	1e+05
ENSG00000125084	6.15447872344488	NA	1e+05
ENSG00000100387	16.4485362695147	NA	1e+05
ENSG00000113575	13.9570458441201	NA	1e+05
ENSG00000204435	4.65234861470669	NA	1e+05
ENSG00000105568	14.5269538933474	NA	1e+05
ENSG00000169750	8.54691015868168	NA	1e+05
ENSG00000131126	3.67800452290057	NA	1e+05
ENSG00000124466	4.02905208759734	NA	1e+05
ENSG00000150594	9.73108528856569	NA	1e+05
ENSG00000069696	9.73108528856569	NA	1e+05
ENSG00000276070	8.05810417519468	NA	1e+05
ENSG00000271503	9.44896470440803	NA	1e+05
ENSG00000213654	7.16975073679782	NA	1e+05
ENSG00000127920	12.1985609796913	NA	1e+05
ENSG00000137077	8.05810417519468	NA	1e+05
ENSG00000069482	9.15815740621212	NA	1e+05
ENSG00000179097	9.00923435275509	NA	1e+05
ENSG00000115138	11.7466044523031	NA	1e+05
ENSG00000155897	11.0340135687017	NA	1e+05
ENSG00000171049	12.9515904102128	NA	1e+05
ENSG00000275152	4.93456088085441	NA	1e+05
ENSG00000213927	7.35600904580114	NA	1e+05
ENSG00000128285	11.8612081852129	NA	1e+05
ENSG00000065135	11.0340135687017	NA	1e+05
ENSG00000181631	8.85780786474662	NA	1e+05
ENSG00000278195	10.2721076079703	NA	1e+05
ENSG00000163485	9.86912176170884	NA	1e+05
ENSG00000204681	9.73108528856569	NA	1e+05
ENSG00000124493	9.30469722941339	NA	1e+05
ENSG00000172724	7.35600904580114	NA	1e+05
ENSG00000275302	10.139558730814	NA	1e+05
ENSG00000170075	8.85780786474662	NA	1e+05
ENSG00000171051	11.3958802115756	NA	1e+05
ENSG00000126353	8.22426813475736	NA	1e+05
ENSG00000169313	9.00923435275509	NA	1e+05
ENSG00000187474	10.139558730814	NA	1e+05
ENSG00000107651	4.65234861470669	NA	1e+05
ENSG00000140506	4.65234861470669	NA	1e+05
ENSG00000074695	4.65234861470669	NA	1e+05
ENSG00000203668	5.69794010578779	NA	1e+05
ENSG00000160218	5.45536231565324	NA	1e+05
ENSG00000113615	6.37049070413192	NA	1e+05
ENSG00000174871	4.3518736400162	NA	1e+05
ENSG00000152700	5.20148387875557	NA	1e+05
ENSG00000196569	4.3518736400162	NA	1e+05
ENSG00000011422	7.53766625262778	NA	1e+05
ENSG00000259207	8.85780786474662	NA	1e+05
ENSG00000189056	13.0556209200486	NA	1e+05
ENSG00000121594	5.45536231565324	NA	1e+05
ENSG00000160255	8.85780786474662	NA	1e+05
ENSG00000132470	5.20148387875557	NA	1e+05
ENSG00000196878	5.20148387875557	NA	1e+05
ENSG00000182871	6.15447872344488	NA	1e+05
ENSG00000139626	4.02905208759734	NA	1e+05
ENSG00000189182	8.54691015868168	NA	1e+05
ENSG00000170523	8.22426813475736	NA	1e+05
ENSG00000186081	8.38714074082942	NA	1e+05
ENSG00000185640	8.38714074082942	NA	1e+05
ENSG00000170465	8.05810417519468	NA	1e+05
ENSG00000170477	8.22426813475736	NA	1e+05
ENSG00000170484	8.22426813475736	NA	1e+05
ENSG00000161849	8.38714074082942	NA	1e+05
ENSG00000186442	8.22426813475736	NA	1e+05
ENSG00000167768	8.38714074082942	NA	1e+05
ENSG00000135480	7.71504737445591	NA	1e+05
ENSG00000186049	7.88844087536913	NA	1e+05
ENSG00000167767	8.38714074082942	NA	1e+05
ENSG00000139648	7.88844087536913	NA	1e+05
ENSG00000170442	8.05810417519468	NA	1e+05
ENSG00000170421	8.22426813475736	NA	1e+05
ENSG00000185069	8.22426813475736	NA	1e+05
ENSG00000005339	14.4335319989719	NA	1e+05
ENSG00000172531	8.85780786474662	NA	1e+05
ENSG00000186298	10.0052540098455	NA	1e+05
ENSG00000141551	11.1559400719253	NA	1e+05
ENSG00000213639	7.53766625262778	NA	1e+05
ENSG00000123095	13.7618327916989	NA	1e+05
ENSG00000117984	7.71504737445591	NA	1e+05
ENSG00000078902	5.20148387875557	NA	1e+05
ENSG00000010438	4.3518736400162	NA	1e+05
ENSG00000133048	4.93456088085441	NA	1e+05
ENSG00000228278	5.93060409260645	NA	1e+05
ENSG00000229314	6.15447872344488	NA	1e+05
ENSG00000133063	5.45536231565324	NA	1e+05
ENSG00000111144	4.02905208759734	NA	1e+05
ENSG00000101425	4.65234861470669	NA	1e+05
ENSG00000257017	5.45536231565324	NA	1e+05
ENSG00000131748	3.67800452290057	NA	1e+05
ENSG00000241106	6.78190524260123	NA	1e+05
ENSG00000198502	9.73108528856569	NA	1e+05
ENSG00000237541	9.00923435275509	NA	1e+05
ENSG00000174080	4.93456088085441	NA	1e+05
ENSG00000232629	9.15815740621212	NA	1e+05
ENSG00000231389	9.15815740621212	NA	1e+05
ENSG00000223865	9.15815740621212	NA	1e+05
ENSG00000204287	9.59106237281585	NA	1e+05
ENSG00000100600	4.93456088085441	NA	1e+05
ENSG00000196126	9.86912176170884	NA	1e+05
ENSG00000196735	9.73108528856569	NA	1e+05
ENSG00000179344	9.44896470440803	NA	1e+05
ENSG00000100351	6.78190524260123	NA	1e+05
ENSG00000160691	9.30469722941339	NA	1e+05
ENSG00000103653	8.22426813475736	NA	1e+05
ENSG00000156261	7.71504737445591	NA	1e+05
ENSG00000113522	9.00923435275509	NA	1e+05
ENSG00000149311	10.7860265402095	NA	1e+05
ENSG00000197442	4.65234861470669	NA	1e+05
ENSG00000112130	5.93060409260645	NA	1e+05
ENSG00000095015	6.78190524260123	NA	1e+05
ENSG00000232810	9.86912176170884	NA	1e+05
ENSG00000169689	6.15447872344488	NA	1e+05
ENSG00000005075	14.1495659157114	NA	1e+05
ENSG00000196419	6.78190524260123	NA	1e+05
ENSG00000172613	6.97852292206004	NA	1e+05
ENSG00000079246	6.37049070413192	NA	1e+05
ENSG00000185504	5.20148387875557	NA	1e+05
ENSG00000175279	8.22426813475736	NA	1e+05
ENSG00000213780	10.139558730814	NA	1e+05
ENSG00000136492	7.16975073679782	NA	1e+05
ENSG00000177700	14.5269538933474	NA	1e+05
ENSG00000188827	6.37049070413192	NA	1e+05
ENSG00000175482	6.15447872344488	NA	1e+05
ENSG00000132646	10.4029677575111	NA	1e+05
ENSG00000148229	8.38714074082942	NA	1e+05
ENSG00000062822	8.70374728003241	NA	1e+05
ENSG00000174371	8.54691015868168	NA	1e+05
ENSG00000100142	14.985329715756	NA	1e+05
ENSG00000073050	6.57941450780589	NA	1e+05
ENSG00000147669	12.8467175068116	NA	1e+05
ENSG00000175054	9.59106237281585	NA	1e+05
ENSG00000178966	7.88844087536913	NA	1e+05
ENSG00000035928	8.38714074082942	NA	1e+05
ENSG00000151164	5.69794010578779	NA	1e+05
ENSG00000154767	6.57941450780589	NA	1e+05
ENSG00000197299	9.00923435275509	NA	1e+05
ENSG00000221829	5.69794010578779	NA	1e+05
ENSG00000174021	11.6308715367667	NA	1e+05
ENSG00000127928	12.9515904102128	NA	1e+05
ENSG00000080293	7.71504737445591	NA	1e+05
ENSG00000118702	7.35600904580114	NA	1e+05
ENSG00000148680	7.53766625262778	NA	1e+05
ENSG00000087494	6.57941450780589	NA	1e+05
ENSG00000215644	9.59106237281585	NA	1e+05
ENSG00000162104	10.6598698431082	NA	1e+05
ENSG00000133105	7.53766625262778	NA	1e+05
ENSG00000138031	11.1559400719253	NA	1e+05
ENSG00000170837	5.93060409260645	NA	1e+05
ENSG00000146469	7.71504737445591	NA	1e+05
ENSG00000124089	7.35600904580114	NA	1e+05
ENSG00000174233	10.9107246313065	NA	1e+05
ENSG00000070031	7.16975073679782	NA	1e+05
ENSG00000188778	7.16975073679782	NA	1e+05
ENSG00000142511	4.02905208759734	NA	1e+05
ENSG00000159224	7.16975073679782	NA	1e+05
ENSG00000064012	7.53766625262778	NA	1e+05
ENSG00000173156	7.71504737445591	NA	1e+05
ENSG00000126858	8.22426813475736	NA	1e+05
ENSG00000104907	9.15815740621212	NA	1e+05
ENSG00000141564	5.93060409260645	NA	1e+05
ENSG00000123395	4.3518736400162	NA	1e+05
ENSG00000116586	6.37049070413192	NA	1e+05
ENSG00000198793	7.35600904580114	NA	1e+05
ENSG00000101460	4.65234861470669	NA	1e+05
ENSG00000083937	6.57941450780589	NA	1e+05
ENSG00000197769	4.3518736400162	NA	1e+05
ENSG00000176108	6.57941450780589	NA	1e+05
ENSG00000101421	6.37049070413192	NA	1e+05
ENSG00000147457	5.93060409260645	NA	1e+05
ENSG00000105819	5.93060409260645	NA	1e+05
ENSG00000159199	6.57941450780589	NA	1e+05
ENSG00000134375	4.02905208759734	NA	1e+05
ENSG00000081181	6.57941450780589	NA	1e+05
ENSG00000100412	6.15447872344488	NA	1e+05
ENSG00000141522	5.20148387875557	NA	1e+05
ENSG00000115310	6.57941450780589	NA	1e+05
ENSG00000169783	5.45536231565324	NA	1e+05
ENSG00000170312	16.1162083503893	NA	1e+05
ENSG00000226979	5.45536231565324	NA	1e+05
ENSG00000176386	10.0052540098455	NA	1e+05
ENSG00000100906	9.59106237281585	NA	1e+05
ENSG00000094804	10.0052540098455	NA	1e+05
ENSG00000204301	7.53766625262778	NA	1e+05
ENSG00000154582	13.9570458441201	NA	1e+05
ENSG00000132963	4.3518736400162	NA	1e+05
ENSG00000141552	12.7409814082638	NA	1e+05
ENSG00000087586	11.7466044523031	NA	1e+05
ENSG00000105173	8.22426813475736	NA	1e+05
ENSG00000213886	6.15447872344488	NA	1e+05
ENSG00000107854	6.57941450780589	NA	1e+05
ENSG00000173207	8.38714074082942	NA	1e+05
ENSG00000118705	8.54691015868168	NA	1e+05
ENSG00000089053	11.6308715367667	NA	1e+05
ENSG00000164109	11.5139753886603	NA	1e+05
ENSG00000110092	9.73108528856569	NA	1e+05
ENSG00000004897	13.5638104852025	NA	1e+05
ENSG00000159958	4.65234861470669	NA	1e+05
ENSG00000127124	6.37049070413192	NA	1e+05
ENSG00000113558	15.1648011394185	NA	1e+05
ENSG00000204592	10.2721076079703	NA	1e+05
ENSG00000177885	8.70374728003241	NA	1e+05
ENSG00000206503	11.1559400719253	NA	1e+05
ENSG00000105647	10.0052540098455	NA	1e+05
ENSG00000087245	4.65234861470669	NA	1e+05
ENSG00000164692	6.57941450780589	NA	1e+05
ENSG00000119699	6.37049070413192	NA	1e+05
ENSG00000231500	12.4183725537382	NA	1e+05
ENSG00000132676	8.05810417519468	NA	1e+05
ENSG00000204568	7.16975073679782	NA	1e+05
ENSG00000181610	6.97852292206004	NA	1e+05
ENSG00000204316	7.16975073679782	NA	1e+05
ENSG00000174547	9.00923435275509	NA	1e+05
ENSG00000122033	6.57941450780589	NA	1e+05
ENSG00000167862	7.53766625262778	NA	1e+05
ENSG00000131368	7.35600904580114	NA	1e+05
ENSG00000243927	8.38714074082942	NA	1e+05
ENSG00000262814	7.88844087536913	NA	1e+05
ENSG00000214026	4.93456088085441	NA	1e+05
ENSG00000243147	7.71504737445591	NA	1e+05
ENSG00000136942	10.9107246313065	NA	1e+05
ENSG00000125691	11.5139753886603	NA	1e+05
ENSG00000159111	6.78190524260123	NA	1e+05
ENSG00000172809	10.2721076079703	NA	1e+05
ENSG00000085760	6.57941450780589	NA	1e+05
ENSG00000197756	10.4029677575111	NA	1e+05
ENSG00000179271	7.16975073679782	NA	1e+05
ENSG00000130312	7.16975073679782	NA	1e+05
ENSG00000171421	8.05810417519468	NA	1e+05
ENSG00000163682	11.1559400719253	NA	1e+05
ENSG00000197345	8.05810417519468	NA	1e+05
ENSG00000125445	9.86912176170884	NA	1e+05
ENSG00000100568	11.2765483345962	NA	1e+05
ENSG00000234745	10.2721076079703	NA	1e+05
ENSG00000170214	8.22426813475736	NA	1e+05
ENSG00000163421	5.93060409260645	NA	1e+05
ENSG00000096395	4.65234861470669	NA	1e+05
ENSG00000169836	6.97852292206004	NA	1e+05
ENSG00000127129	6.78190524260123	NA	1e+05
ENSG00000198873	7.16975073679782	NA	1e+05
ENSG00000181408	7.71504737445591	NA	1e+05
ENSG00000139574	6.15447872344488	NA	1e+05
ENSG00000184371	7.53766625262778	NA	1e+05
ENSG00000152595	4.93456088085441	NA	1e+05
ENSG00000136244	9.73108528856569	NA	1e+05
ENSG00000182446	4.02905208759734	NA	1e+05
ENSG00000138375	9.73108528856569	NA	1e+05
ENSG00000149554	9.44896470440803	NA	1e+05
ENSG00000126215	6.97852292206004	NA	1e+05
ENSG00000128951	4.65234861470669	NA	1e+05
ENSG00000164924	8.38714074082942	NA	1e+05
ENSG00000139618	7.88844087536913	NA	1e+05
ENSG00000182185	6.97852292206004	NA	1e+05
ENSG00000119048	11.2765483345962	NA	1e+05
ENSG00000121060	8.05810417519468	NA	1e+05
ENSG00000134013	4.02905208759734	NA	1e+05
ENSG00000139219	5.69794010578779	NA	1e+05
ENSG00000196739	4.65234861470669	NA	1e+05
ENSG00000134762	4.3518736400162	NA	1e+05
ENSG00000118898	4.65234861470669	NA	1e+05
ENSG00000167754	4.65234861470669	NA	1e+05
ENSG00000100605	6.97852292206004	NA	1e+05
ENSG00000133056	10.2721076079703	NA	1e+05
ENSG00000100330	4.3518736400162	NA	1e+05
ENSG00000117461	8.05810417519468	NA	1e+05
ENSG00000079385	5.93060409260645	NA	1e+05
ENSG00000006534	6.78190524260123	NA	1e+05
ENSG00000104043	7.16975073679782	NA	1e+05
ENSG00000142185	6.15447872344488	NA	1e+05
ENSG00000124469	5.93060409260645	NA	1e+05
ENSG00000172794	7.53766625262778	NA	1e+05
ENSG00000167851	4.93456088085441	NA	1e+05
ENSG00000117971	5.20148387875557	NA	1e+05
ENSG00000008516	5.69794010578779	NA	1e+05
ENSG00000140284	6.37049070413192	NA	1e+05
ENSG00000134443	7.16975073679782	NA	1e+05
ENSG00000160951	8.05810417519468	NA	1e+05
ENSG00000140030	6.57941450780589	NA	1e+05
ENSG00000064547	11.1559400719253	NA	1e+05
ENSG00000072062	10.2721076079703	NA	1e+05
ENSG00000087258	7.35600904580114	NA	1e+05
ENSG00000119714	6.15447872344488	NA	1e+05
ENSG00000101292	6.97852292206004	NA	1e+05
ENSG00000173020	8.22426813475736	NA	1e+05
ENSG00000102539	8.05810417519468	NA	1e+05
ENSG00000170498	7.16975073679782	NA	1e+05
ENSG00000121853	8.05810417519468	NA	1e+05
ENSG00000163517	3.67800452290057	NA	1e+05
ENSG00000178691	8.70374728003241	NA	1e+05
ENSG00000101115	5.45536231565324	NA	1e+05
ENSG00000183741	5.69794010578779	NA	1e+05
ENSG00000085276	4.02905208759734	NA	1e+05
ENSG00000167491	5.45536231565324	NA	1e+05
ENSG00000140464	9.30469722941339	NA	1e+05
ENSG00000204227	8.54691015868168	NA	1e+05
ENSG00000053918	4.93456088085441	NA	1e+05
ENSG00000169282	4.02905208759734	NA	1e+05
ENSG00000198668	4.3518736400162	NA	1e+05
ENSG00000085872	10.0052540098455	NA	1e+05
ENSG00000115128	10.4029677575111	NA	1e+05
ENSG00000112081	11.8612081852129	NA	1e+05
ENSG00000189091	10.2721076079703	NA	1e+05
ENSG00000240344	10.0052540098455	NA	1e+05
ENSG00000145833	10.4029677575111	NA	1e+05
ENSG00000273559	9.44896470440803	NA	1e+05
ENSG00000165119	10.9107246313065	NA	1e+05
ENSG00000136875	9.86912176170884	NA	1e+05
ENSG00000137168	10.2721076079703	NA	1e+05
ENSG00000167005	10.9107246313065	NA	1e+05
ENSG00000119203	11.8612081852129	NA	1e+05
ENSG00000140829	11.2765483345962	NA	1e+05
ENSG00000182004	11.7466044523031	NA	1e+05
ENSG00000100410	10.139558730814	NA	1e+05
ENSG00000105705	9.59106237281585	NA	1e+05
ENSG00000183684	11.7466044523031	NA	1e+05
ENSG00000130520	10.5322021257623	NA	1e+05
ENSG00000132792	10.4029677575111	NA	1e+05
ENSG00000084463	9.86912176170884	NA	1e+05
ENSG00000197111	9.86912176170884	NA	1e+05
ENSG00000100138	12.9515904102128	NA	1e+05
ENSG00000170860	10.6598698431082	NA	1e+05
ENSG00000174243	10.5322021257623	NA	1e+05
ENSG00000139343	11.2765483345962	NA	1e+05
ENSG00000111786	11.5139753886603	NA	1e+05
ENSG00000099995	10.2721076079703	NA	1e+05
ENSG00000204392	10.6598698431082	NA	1e+05
ENSG00000108349	10.4029677575111	NA	1e+05
ENSG00000070756	8.85780786474662	NA	1e+05
ENSG00000227507	4.65234861470669	NA	1e+05
ENSG00000006327	5.20148387875557	NA	1e+05
ENSG00000124762	8.85780786474662	NA	1e+05
ENSG00000196510	10.6598698431082	NA	1e+05
ENSG00000196712	7.35600904580114	NA	1e+05
ENSG00000110931	6.97852292206004	NA	1e+05
ENSG00000159461	4.3518736400162	NA	1e+05
ENSG00000204977	23.6653226261074	NA	1e+05
ENSG00000158517	13.4637071946917	NA	1e+05
ENSG00000137337	6.97852292206004	NA	1e+05
ENSG00000246705	10.4029677575111	NA	1e+05
ENSG00000143093	15.517518081655	NA	1e+05
ENSG00000172301	10.7860265402095	NA	1e+05
ENSG00000119772	5.69794010578779	NA	1e+05
ENSG00000254415	5.20148387875557	NA	1e+05
ENSG00000122986	6.15447872344488	NA	1e+05
ENSG00000105383	6.37049070413192	NA	1e+05
ENSG00000172057	5.45536231565324	NA	1e+05
ENSG00000204936	5.69794010578779	NA	1e+05
ENSG00000047188	8.38714074082942	NA	1e+05
ENSG00000168040	6.97852292206004	NA	1e+05
ENSG00000100324	5.93060409260645	NA	1e+05
ENSG00000204209	6.57941450780589	NA	1e+05
ENSG00000177595	15.4300947489118	NA	1e+05
ENSG00000066455	3.67800452290057	NA	1e+05
ENSG00000103051	6.15447872344488	NA	1e+05
ENSG00000257923	4.3518736400162	NA	1e+05
ENSG00000177951	5.45536231565324	NA	1e+05
ENSG00000100401	8.38714074082942	NA	1e+05
ENSG00000075413	5.20148387875557	NA	1e+05
ENSG00000108055	9.86912176170884	NA	1e+05
ENSG00000083642	6.78190524260123	NA	1e+05
ENSG00000149636	7.71504737445591	NA	1e+05
ENSG00000142208	12.7409814082638	NA	1e+05
ENSG00000135476	9.73108528856569	NA	1e+05
ENSG00000169299	4.65234861470669	NA	1e+05
ENSG00000165282	7.71504737445591	NA	1e+05
ENSG00000185269	5.45536231565324	NA	1e+05
ENSG00000163083	8.54691015868168	NA	1e+05
ENSG00000143590	4.3518736400162	NA	1e+05
ENSG00000184349	3.67800452290057	NA	1e+05
ENSG00000071539	16.1999294766136	NA	1e+05
ENSG00000167272	4.65234861470669	NA	1e+05
ENSG00000148688	7.53766625262778	NA	1e+05
ENSG00000241370	6.37049070413192	NA	1e+05
ENSG00000139546	7.71504737445591	NA	1e+05
ENSG00000100890	4.02905208759734	NA	1e+05
ENSG00000075239	3.67800452290057	NA	1e+05
ENSG00000075388	4.65234861470669	NA	1e+05
ENSG00000162344	3.67800452290057	NA	1e+05
ENSG00000186895	3.67800452290057	NA	1e+05
ENSG00000134962	3.67800452290057	NA	1e+05
ENSG00000140285	13.0556209200486	NA	1e+05
ENSG00000215182	5.93060409260645	NA	1e+05
ENSG00000185499	5.69794010578779	NA	1e+05
ENSG00000117983	5.20148387875557	NA	1e+05
ENSG00000086062	5.20148387875557	NA	1e+05
ENSG00000184956	5.45536231565324	NA	1e+05
ENSG00000156804	9.59106237281585	NA	1e+05
ENSG00000167196	8.22426813475736	NA	1e+05
ENSG00000175387	8.22426813475736	NA	1e+05
ENSG00000159202	10.5322021257623	NA	1e+05
ENSG00000132128	8.22426813475736	NA	1e+05
ENSG00000148444	6.78190524260123	NA	1e+05
ENSG00000137692	7.16975073679782	NA	1e+05
ENSG00000161040	10.139558730814	NA	1e+05
ENSG00000087448	8.70374728003241	NA	1e+05
ENSG00000104343	10.6598698431082	NA	1e+05
ENSG00000114125	11.3958802115756	NA	1e+05
ENSG00000183475	10.7860265402095	NA	1e+05
ENSG00000049759	11.7466044523031	NA	1e+05
ENSG00000140365	6.57941450780589	NA	1e+05
ENSG00000198642	10.9107246313065	NA	1e+05
ENSG00000138642	9.44896470440803	NA	1e+05
ENSG00000108306	9.30469722941339	NA	1e+05
ENSG00000166200	9.59106237281585	NA	1e+05
ENSG00000170633	8.54691015868168	NA	1e+05
ENSG00000078140	11.1559400719253	NA	1e+05
ENSG00000102858	9.73108528856569	NA	1e+05
ENSG00000126107	10.4029677575111	NA	1e+05
ENSG00000166266	11.3958802115756	NA	1e+05
ENSG00000169727	9.30469722941339	NA	1e+05
ENSG00000165338	10.4029677575111	NA	1e+05
ENSG00000107341	10.7860265402095	NA	1e+05
ENSG00000109790	8.85780786474662	NA	1e+05
ENSG00000034677	10.0052540098455	NA	1e+05
ENSG00000181788	9.86912176170884	NA	1e+05
ENSG00000177981	10.4029677575111	NA	1e+05
ENSG00000184787	9.59106237281585	NA	1e+05
ENSG00000132004	10.139558730814	NA	1e+05
ENSG00000103264	6.37049070413192	NA	1e+05
ENSG00000184887	8.22426813475736	NA	1e+05
ENSG00000183484	6.15447872344488	NA	1e+05
ENSG00000248746	5.93060409260645	NA	1e+05
ENSG00000089159	6.97852292206004	NA	1e+05
ENSG00000072110	5.45536231565324	NA	1e+05
ENSG00000111348	4.65234861470669	NA	1e+05
ENSG00000163558	4.3518736400162	NA	1e+05
ENSG00000275700	5.45536231565324	NA	1e+05
ENSG00000134243	4.3518736400162	NA	1e+05
ENSG00000142875	8.05810417519468	NA	1e+05
ENSG00000151694	4.02905208759734	NA	1e+05
ENSG00000067141	10.5322021257623	NA	1e+05
ENSG00000135451	12.5268320152197	NA	1e+05
ENSG00000070669	6.15447872344488	NA	1e+05
ENSG00000128272	4.65234861470669	NA	1e+05
ENSG00000185100	4.02905208759734	NA	1e+05
ENSG00000141736	6.97852292206004	NA	1e+05
ENSG00000173080	9.15815740621212	NA	1e+05
ENSG00000174944	8.38714074082942	NA	1e+05
ENSG00000121957	4.65234861470669	NA	1e+05
ENSG00000128310	8.70374728003241	NA	1e+05
ENSG00000198829	8.38714074082942	NA	1e+05
ENSG00000183979	7.71504737445591	NA	1e+05
ENSG00000171136	7.16975073679782	NA	1e+05
ENSG00000241563	6.97852292206004	NA	1e+05
ENSG00000255587	7.88844087536913	NA	1e+05
ENSG00000073861	8.70374728003241	NA	1e+05
ENSG00000113520	7.16975073679782	NA	1e+05
ENSG00000152556	3.67800452290057	NA	1e+05
ENSG00000178802	4.02905208759734	NA	1e+05
ENSG00000129315	8.85780786474662	NA	1e+05
ENSG00000184076	7.53766625262778	NA	1e+05
ENSG00000241468	6.78190524260123	NA	1e+05
ENSG00000169021	7.71504737445591	NA	1e+05
ENSG00000164405	7.88844087536913	NA	1e+05
ENSG00000103351	5.20148387875557	NA	1e+05
ENSG00000125971	5.93060409260645	NA	1e+05
ENSG00000118965	5.69794010578779	NA	1e+05
ENSG00000168589	5.69794010578779	NA	1e+05
ENSG00000082146	4.02905208759734	NA	1e+05
ENSG00000181929	6.37049070413192	NA	1e+05
ENSG00000111725	5.69794010578779	NA	1e+05
ENSG00000115750	19.1821247456316	NA	1e+05
ENSG00000186184	5.69794010578779	NA	1e+05
ENSG00000203805	4.02905208759734	NA	1e+05
ENSG00000177971	9.59106237281585	NA	1e+05
ENSG00000134001	8.54691015868168	NA	1e+05
ENSG00000125977	8.38714074082942	NA	1e+05
ENSG00000105877	4.02905208759734	NA	1e+05
ENSG00000171595	3.67800452290057	NA	1e+05
ENSG00000163535	7.16975073679782	NA	1e+05
ENSG00000166451	7.16975073679782	NA	1e+05
ENSG00000117724	8.05810417519468	NA	1e+05
ENSG00000125450	10.7860265402095	NA	1e+05
ENSG00000053501	4.65234861470669	NA	1e+05
ENSG00000138092	6.37049070413192	NA	1e+05
ENSG00000100162	6.97852292206004	NA	1e+05
ENSG00000134308	6.15447872344488	NA	1e+05
ENSG00000177697	6.57941450780589	NA	1e+05
ENSG00000125845	4.93456088085441	NA	1e+05
ENSG00000108651	8.05810417519468	NA	1e+05
ENSG00000178105	4.93456088085441	NA	1e+05
ENSG00000165271	7.88844087536913	NA	1e+05
ENSG00000115761	5.93060409260645	NA	1e+05
ENSG00000089195	4.02905208759734	NA	1e+05
ENSG00000166166	3.67800452290057	NA	1e+05
ENSG00000146701	4.93456088085441	NA	1e+05
ENSG00000241837	5.45536231565324	NA	1e+05
ENSG00000165629	5.93060409260645	NA	1e+05
ENSG00000178741	6.97852292206004	NA	1e+05
ENSG00000173660	7.16975073679782	NA	1e+05
ENSG00000111775	4.3518736400162	NA	1e+05
ENSG00000100319	5.69794010578779	NA	1e+05
ENSG00000141738	3.67800452290057	NA	1e+05
ENSG00000163629	4.02905208759734	NA	1e+05
ENSG00000091483	6.97852292206004	NA	1e+05
ENSG00000140905	3.67800452290057	NA	1e+05
ENSG00000110917	3.67800452290057	NA	1e+05
ENSG00000100554	6.57941450780589	NA	1e+05
ENSG00000100321	4.02905208759734	NA	1e+05
ENSG00000130303	7.53766625262778	NA	1e+05
ENSG00000196230	8.70374728003241	NA	1e+05
ENSG00000126001	6.97852292206004	NA	1e+05
ENSG00000112877	6.37049070413192	NA	1e+05
ENSG00000136122	5.93060409260645	NA	1e+05
ENSG00000131351	5.69794010578779	NA	1e+05
ENSG00000151849	7.53766625262778	NA	1e+05
ENSG00000103995	7.35600904580114	NA	1e+05
ENSG00000141577	6.37049070413192	NA	1e+05
ENSG00000092929	8.05810417519468	NA	1e+05
ENSG00000177156	4.02905208759734	NA	1e+05
ENSG00000111275	3.67800452290057	NA	1e+05
ENSG00000164815	5.45536231565324	NA	1e+05
ENSG00000103479	7.35600904580114	NA	1e+05
ENSG00000109805	6.78190524260123	NA	1e+05
ENSG00000115942	5.69794010578779	NA	1e+05
ENSG00000171848	6.78190524260123	NA	1e+05
ENSG00000136824	6.15447872344488	NA	1e+05
ENSG00000125885	4.93456088085441	NA	1e+05
ENSG00000094914	8.54691015868168	NA	1e+05
ENSG00000131747	8.05810417519468	NA	1e+05
ENSG00000198563	8.38714074082942	NA	1e+05
ENSG00000184900	8.38714074082942	NA	1e+05
ENSG00000188612	9.59106237281585	NA	1e+05
ENSG00000093000	8.85780786474662	NA	1e+05
ENSG00000131652	6.78190524260123	NA	1e+05
ENSG00000102900	9.44896470440803	NA	1e+05
ENSG00000123136	6.97852292206004	NA	1e+05
ENSG00000272391	8.22426813475736	NA	1e+05
ENSG00000108424	6.78190524260123	NA	1e+05
ENSG00000257315	6.97852292206004	NA	1e+05
ENSG00000100296	7.16975073679782	NA	1e+05
ENSG00000160714	9.44896470440803	NA	1e+05
ENSG00000140367	9.44896470440803	NA	1e+05
ENSG00000198862	8.85780786474662	NA	1e+05
ENSG00000132698	5.20148387875557	NA	1e+05
ENSG00000105649	6.15447872344488	NA	1e+05
ENSG00000111737	6.15447872344488	NA	1e+05
ENSG00000089022	4.3518736400162	NA	1e+05
ENSG00000100784	4.02905208759734	NA	1e+05
ENSG00000185591	9.86912176170884	NA	1e+05
ENSG00000068305	4.3518736400162	NA	1e+05
ENSG00000204386	4.3518736400162	NA	1e+05
ENSG00000163431	7.88844087536913	NA	1e+05
ENSG00000140575	6.78190524260123	NA	1e+05
ENSG00000160789	5.20148387875557	NA	1e+05
ENSG00000101335	4.65234861470669	NA	1e+05
ENSG00000184009	5.69794010578779	NA	1e+05
ENSG00000132002	5.69794010578779	NA	1e+05
ENSG00000131069	4.93456088085441	NA	1e+05
ENSG00000164362	5.20148387875557	NA	1e+05
ENSG00000075218	5.69794010578779	NA	1e+05
ENSG00000164919	6.37049070413192	NA	1e+05
ENSG00000167863	6.78190524260123	NA	1e+05
ENSG00000099797	3.67800452290057	NA	1e+05
ENSG00000100216	7.35600904580114	NA	1e+05
ENSG00000213585	5.93060409260645	NA	1e+05
ENSG00000163528	3.67800452290057	NA	1e+05
ENSG00000005981	10.4029677575111	NA	1e+05
ENSG00000204599	8.85780786474662	NA	1e+05
ENSG00000214078	10.139558730814	NA	1e+05
ENSG00000143862	4.3518736400162	NA	1e+05
ENSG00000140564	4.3518736400162	NA	1e+05
ENSG00000185507	11.5139753886603	NA	1e+05
ENSG00000135114	9.44896470440803	NA	1e+05
ENSG00000169371	4.3518736400162	NA	1e+05
ENSG00000170890	10.5322021257623	NA	1e+05
ENSG00000204231	5.93060409260645	NA	1e+05
ENSG00000160712	4.3518736400162	NA	1e+05
ENSG00000184545	10.7860265402095	NA	1e+05
ENSG00000187840	4.3518736400162	NA	1e+05
ENSG00000100385	5.45536231565324	NA	1e+05
ENSG00000172819	7.16975073679782	NA	1e+05
ENSG00000105639	7.16975073679782	NA	1e+05
ENSG00000121858	5.45536231565324	NA	1e+05
ENSG00000175866	4.93456088085441	NA	1e+05
ENSG00000135100	16.6934411003791	NA	1e+05
ENSG00000186951	7.88844087536913	NA	1e+05
ENSG00000183765	6.78190524260123	NA	1e+05
ENSG00000161405	4.02905208759734	NA	1e+05
ENSG00000123358	3.67800452290057	NA	1e+05
ENSG00000131759	8.38714074082942	NA	1e+05
ENSG00000182149	4.93456088085441	NA	1e+05
ENSG00000100206	3.67800452290057	NA	1e+05
ENSG00000100209	4.65234861470669	NA	1e+05
ENSG00000244005	3.67800452290057	NA	1e+05
ENSG00000100219	4.93456088085441	NA	1e+05
ENSG00000117448	7.35600904580114	NA	1e+05
ENSG00000103415	4.93456088085441	NA	1e+05
ENSG00000066926	3.67800452290057	NA	1e+05
ENSG00000169194	5.69794010578779	NA	1e+05
ENSG00000147889	5.69794010578779	NA	1e+05
ENSG00000105011	3.67800452290057	NA	1e+05
ENSG00000198901	5.93060409260645	NA	1e+05
ENSG00000104889	10.9107246313065	NA	1e+05
ENSG00000054983	3.67800452290057	NA	1e+05
ENSG00000100307	4.93456088085441	NA	1e+05
ENSG00000277258	7.71504737445591	NA	1e+05
ENSG00000173889	6.97852292206004	NA	1e+05
ENSG00000168283	5.93060409260645	NA	1e+05
ENSG00000269897	5.69794010578779	NA	1e+05
ENSG00000180628	5.45536231565324	NA	1e+05
ENSG00000154589	5.20148387875557	NA	1e+05
ENSG00000177463	11.8612081852129	NA	1e+05
ENSG00000079435	4.3518736400162	NA	1e+05
ENSG00000111245	5.45536231565324	NA	1e+05
ENSG00000122966	8.85780786474662	NA	1e+05
ENSG00000130429	4.65234861470669	NA	1e+05
ENSG00000077157	4.3518736400162	NA	1e+05
ENSG00000099331	5.20148387875557	NA	1e+05
ENSG00000128309	4.3518736400162	NA	1e+05
ENSG00000177600	9.86912176170884	NA	1e+05
ENSG00000105640	10.6598698431082	NA	1e+05
ENSG00000100316	10.139558730814	NA	1e+05
ENSG00000122026	10.2721076079703	NA	1e+05
ENSG00000107581	7.88844087536913	NA	1e+05
ENSG00000063046	8.05810417519468	NA	1e+05
ENSG00000100664	7.53766625262778	NA	1e+05
ENSG00000089157	10.7860265402095	NA	1e+05
ENSG00000142937	11.5139753886603	NA	1e+05
ENSG00000108298	10.4029677575111	NA	1e+05
ENSG00000100129	7.71504737445591	NA	1e+05
ENSG00000100380	4.02905208759734	NA	1e+05
ENSG00000155304	5.69794010578779	NA	1e+05
ENSG00000113525	5.69794010578779	NA	1e+05
ENSG00000171608	5.69794010578779	NA	1e+05
ENSG00000100368	4.93456088085441	NA	1e+05
ENSG00000164934	9.44896470440803	NA	1e+05
ENSG00000132017	4.02905208759734	NA	1e+05
ENSG00000135097	16.5305743658119	NA	1e+05
ENSG00000100991	3.67800452290057	NA	1e+05
ENSG00000105656	7.53766625262778	NA	1e+05
ENSG00000117222	9.15815740621212	NA	1e+05
ENSG00000175093	9.30469722941339	NA	1e+05
ENSG00000179262	6.15447872344488	NA	1e+05
ENSG00000170322	5.20148387875557	NA	1e+05
ENSG00000139990	4.3518736400162	NA	1e+05
ENSG00000187778	5.93060409260645	NA	1e+05
ENSG00000101442	4.65234861470669	NA	1e+05
ENSG00000130311	5.93060409260645	NA	1e+05
ENSG00000100395	3.67800452290057	NA	1e+05
ENSG00000163602	4.65234861470669	NA	1e+05
ENSG00000204371	5.93060409260645	NA	1e+05
ENSG00000166411	3.67800452290057	NA	1e+05
ENSG00000182054	4.02905208759734	NA	1e+05
ENSG00000138495	7.53766625262778	NA	1e+05
ENSG00000177628	8.38714074082942	NA	1e+05
ENSG00000169375	7.88844087536913	NA	1e+05
ENSG00000164105	5.20148387875557	NA	1e+05
ENSG00000120889	5.20148387875557	NA	1e+05
ENSG00000108506	4.65234861470669	NA	1e+05
ENSG00000101413	5.45536231565324	NA	1e+05
ENSG00000064102	5.69794010578779	NA	1e+05
ENSG00000100413	4.3518736400162	NA	1e+05
ENSG00000197780	6.57941450780589	NA	1e+05
ENSG00000104221	4.02905208759734	NA	1e+05
ENSG00000153767	7.71504737445591	NA	1e+05
ENSG00000072364	4.93456088085441	NA	1e+05
ENSG00000140395	6.97852292206004	NA	1e+05
ENSG00000204356	6.15447872344488	NA	1e+05
ENSG00000111424	5.20148387875557	NA	1e+05
ENSG00000167258	5.93060409260645	NA	1e+05
ENSG00000164104	3.67800452290057	NA	1e+05
ENSG00000144597	5.20148387875557	NA	1e+05
ENSG00000167244	7.35600904580114	NA	1e+05
ENSG00000003400	5.45536231565324	NA	1e+05
ENSG00000081014	4.02905208759734	NA	1e+05
ENSG00000143882	3.67800452290057	NA	1e+05
ENSG00000213760	6.78190524260123	NA	1e+05
ENSG00000110719	4.02905208759734	NA	1e+05
ENSG00000127533	4.3518736400162	NA	1e+05
ENSG00000173599	3.67800452290057	NA	1e+05
ENSG00000143627	4.65234861470669	NA	1e+05
ENSG00000096996	11.5139753886603	NA	1e+05
ENSG00000113302	3.67800452290057	NA	1e+05
ENSG00000127511	6.15447872344488	NA	1e+05
ENSG00000114346	5.93060409260645	NA	1e+05
ENSG00000112742	6.15447872344488	NA	1e+05
ENSG00000167552	8.05810417519468	NA	1e+05
ENSG00000080839	6.37049070413192	NA	1e+05
ENSG00000204531	4.02905208759734	NA	1e+05
ENSG00000141556	8.54691015868168	NA	1e+05
ENSG00000167553	5.20148387875557	NA	1e+05
ENSG00000123416	5.20148387875557	NA	1e+05
ENSG00000101132	4.02905208759734	NA	1e+05
ENSG00000177200	5.69794010578779	NA	1e+05
ENSG00000133067	24.5077670710569	NA	1e+05
ENSG00000183579	3.67800452290057	NA	1e+05
ENSG00000141971	5.45536231565324	NA	1e+05
ENSG00000159210	4.93456088085441	NA	1e+05
ENSG00000086065	5.20148387875557	NA	1e+05
ENSG00000108733	4.02905208759734	NA	1e+05
ENSG00000115425	4.3518736400162	NA	1e+05
ENSG00000161533	6.97852292206004	NA	1e+05
ENSG00000119912	5.45536231565324	NA	1e+05
ENSG00000171723	13.0556209200486	NA	1e+05
ENSG00000100242	4.02905208759734	NA	1e+05
ENSG00000131018	4.02905208759734	NA	1e+05
ENSG00000077935	4.93456088085441	NA	1e+05
ENSG00000103740	7.53766625262778	NA	1e+05
ENSG00000100311	6.97852292206004	NA	1e+05
ENSG00000129009	3.67800452290057	NA	1e+05
ENSG00000137745	3.67800452290057	NA	1e+05
ENSG00000118513	5.93060409260645	NA	1e+05
ENSG00000141384	4.93456088085441	NA	1e+05
ENSG00000206181	5.45536231565324	NA	1e+05
ENSG00000165632	5.20148387875557	NA	1e+05
ENSG00000167548	8.38714074082942	NA	1e+05
ENSG00000129691	7.53766625262778	NA	1e+05
ENSG00000270647	6.15447872344488	NA	1e+05
ENSG00000151923	15.8623939312726	NA	1e+05
ENSG00000184508	5.45536231565324	NA	1e+05
ENSG00000138035	4.3518736400162	NA	1e+05
ENSG00000186654	3.67800452290057	NA	1e+05
ENSG00000125686	10.4029677575111	NA	1e+05
ENSG00000101290	4.02905208759734	NA	1e+05
ENSG00000088766	5.20148387875557	NA	1e+05
ENSG00000025293	4.02905208759734	NA	1e+05
ENSG00000102755	4.3518736400162	NA	1e+05
ENSG00000159131	4.02905208759734	NA	1e+05
ENSG00000104064	11.1559400719253	NA	1e+05
ENSG00000066933	4.3518736400162	NA	1e+05
ENSG00000124243	10.9107246313065	NA	1e+05
ENSG00000172795	4.93456088085441	NA	1e+05
ENSG00000100354	5.45536231565324	NA	1e+05
ENSG00000003402	4.65234861470669	NA	1e+05
ENSG00000169884	3.67800452290057	NA	1e+05
ENSG00000170962	9.73108528856569	NA	1e+05
ENSG00000270800	7.16975073679782	NA	1e+05
ENSG00000148225	6.57941450780589	NA	1e+05
ENSG00000072682	5.20148387875557	NA	1e+05
ENSG00000183010	5.69794010578779	NA	1e+05
ENSG00000002549	3.67800452290057	NA	1e+05
ENSG00000131067	4.3518736400162	NA	1e+05
ENSG00000173530	4.3518736400162	NA	1e+05
ENSG00000108061	4.02905208759734	NA	1e+05
ENSG00000227057	8.05810417519468	NA	1e+05
ENSG00000185650	3.67800452290057	NA	1e+05
ENSG00000171824	8.70374728003241	NA	1e+05
ENSG00000112339	5.20148387875557	NA	1e+05
ENSG00000241945	7.88844087536913	NA	1e+05
ENSG00000204351	4.3518736400162	NA	1e+05
ENSG00000083520	7.53766625262778	NA	1e+05
ENSG00000117597	7.88844087536913	NA	1e+05
ENSG00000114127	5.93060409260645	NA	1e+05
ENSG00000120948	5.45536231565324	NA	1e+05
ENSG00000239306	4.93456088085441	NA	1e+05
ENSG00000166821	8.05810417519468	NA	1e+05
ENSG00000273899	5.45536231565324	NA	1e+05
ENSG00000242372	5.20148387875557	NA	1e+05
ENSG00000100029	8.70374728003241	NA	1e+05
ENSG00000120093	5.20148387875557	NA	1e+05
ENSG00000120094	5.20148387875557	NA	1e+05
ENSG00000182742	4.93456088085441	NA	1e+05
ENSG00000139567	11.3958802115756	NA	1e+05
ENSG00000096433	6.15447872344488	NA	1e+05
ENSG00000084676	9.30469722941339	NA	1e+05
ENSG00000198646	6.78190524260123	NA	1e+05
ENSG00000105607	7.16975073679782	NA	1e+05
ENSG00000122971	4.02905208759734	NA	1e+05
ENSG00000163479	7.53766625262778	NA	1e+05
ENSG00000182934	6.97852292206004	NA	1e+05
ENSG00000153037	7.35600904580114	NA	1e+05
ENSG00000166562	5.93060409260645	NA	1e+05
ENSG00000005007	8.38714074082942	NA	1e+05
ENSG00000114850	5.93060409260645	NA	1e+05
ENSG00000105771	6.37049070413192	NA	1e+05
ENSG00000276293	4.02905208759734	NA	1e+05
ENSG00000173614	4.02905208759734	NA	1e+05
ENSG00000108511	5.20148387875557	NA	1e+05
ENSG00000120075	3.67800452290057	NA	1e+05
ENSG00000142319	4.02905208759734	NA	1e+05
ENSG00000204228	6.78190524260123	NA	1e+05
ENSG00000171475	4.02905208759734	NA	1e+05
ENSG00000117133	5.45536231565324	NA	1e+05
ENSG00000130309	3.67800452290057	NA	1e+05
ENSG00000049089	5.20148387875557	NA	1e+05
ENSG00000204852	5.69794010578779	NA	1e+05
ENSG00000188878	5.69794010578779	NA	1e+05
ENSG00000135541	6.97852292206004	NA	1e+05
ENSG00000173588	5.20148387875557	NA	1e+05
ENSG00000118194	4.93456088085441	NA	1e+05
ENSG00000106692	5.69794010578779	NA	1e+05
ENSG00000224389	3.67800452290057	NA	1e+05
ENSG00000123104	6.37049070413192	NA	1e+05
ENSG00000008838	4.93456088085441	NA	1e+05
ENSG00000108510	5.45536231565324	NA	1e+05
ENSG00000118579	4.93456088085441	NA	1e+05
ENSG00000152944	5.45536231565324	NA	1e+05
ENSG00000105085	5.20148387875557	NA	1e+05
ENSG00000196367	5.93060409260645	NA	1e+05
ENSG00000115380	4.3518736400162	NA	1e+05
ENSG00000077942	3.67800452290057	NA	1e+05
ENSG00000029559	11.5139753886603	NA	1e+05
ENSG00000242252	4.65234861470669	NA	1e+05
ENSG00000166825	7.35600904580114	NA	1e+05
ENSG00000101096	4.93456088085441	NA	1e+05
ENSG00000122025	14.0536355491725	NA	1e+05
ENSG00000147883	4.02905208759734	NA	1e+05
ENSG00000142166	6.97852292206004	NA	1e+05
ENSG00000122034	6.15447872344488	NA	1e+05
ENSG00000136950	7.71504737445591	NA	1e+05
ENSG00000234127	7.16975073679782	NA	1e+05
ENSG00000125148	6.15447872344488	NA	1e+05
ENSG00000160710	6.57941450780589	NA	1e+05
ENSG00000204632	8.85780786474662	NA	1e+05
ENSG00000216490	7.71504737445591	NA	1e+05
ENSG00000204642	9.59106237281585	NA	1e+05
ENSG00000185885	6.97852292206004	NA	1e+05
ENSG00000185201	6.78190524260123	NA	1e+05
ENSG00000125347	10.9107246313065	NA	1e+05
ENSG00000117595	7.88844087536913	NA	1e+05
ENSG00000101347	6.57941450780589	NA	1e+05
ENSG00000204525	10.2721076079703	NA	1e+05
ENSG00000204613	6.78190524260123	NA	1e+05
ENSG00000159128	6.57941450780589	NA	1e+05
ENSG00000119408	9.59106237281585	NA	1e+05
ENSG00000168135	13.9570458441201	NA	1e+05
ENSG00000054277	4.3518736400162	NA	1e+05
ENSG00000134183	5.45536231565324	NA	1e+05
ENSG00000185527	4.65234861470669	NA	1e+05
ENSG00000153395	3.67800452290057	NA	1e+05
ENSG00000166428	4.3518736400162	NA	1e+05
ENSG00000278540	4.02905208759734	NA	1e+05
ENSG00000119522	14.0536355491725	NA	1e+05
ENSG00000111790	5.20148387875557	NA	1e+05
ENSG00000118900	5.20148387875557	NA	1e+05
ENSG00000197837	4.65234861470669	NA	1e+05
ENSG00000180176	3.67800452290057	NA	1e+05
ENSG00000106211	5.45536231565324	NA	1e+05
ENSG00000153317	4.02905208759734	NA	1e+05
ENSG00000118762	5.69794010578779	NA	1e+05
ENSG00000178573	4.02905208759734	NA	1e+05
ENSG00000171223	5.45536231565324	NA	1e+05
ENSG00000182511	9.44896470440803	NA	1e+05
ENSG00000136381	25.2151286277192	NA	1e+05
ENSG00000171855	6.97852292206004	NA	1e+05
ENSG00000176749	3.67800452290057	NA	1e+05
ENSG00000110090	5.20148387875557	NA	1e+05
ENSG00000125458	6.78190524260123	NA	1e+05
ENSG00000197217	3.67800452290057	NA	1e+05
ENSG00000150455	6.97852292206004	NA	1e+05
ENSG00000174130	5.45536231565324	NA	1e+05
ENSG00000179218	5.45536231565324	NA	1e+05
ENSG00000153391	3.67800452290057	NA	1e+05
ENSG00000131771	4.93456088085441	NA	1e+05
ENSG00000081059	5.69794010578779	NA	1e+05
ENSG00000163348	4.3518736400162	NA	1e+05
ENSG00000132475	4.02905208759734	NA	1e+05
ENSG00000239900	5.20148387875557	NA	1e+05
ENSG00000138363	4.93456088085441	NA	1e+05
ENSG00000167751	8.54691015868168	NA	1e+05
ENSG00000165029	5.45536231565324	NA	1e+05
ENSG00000120254	5.45536231565324	NA	1e+05
ENSG00000116337	5.93060409260645	NA	1e+05
ENSG00000166819	4.65234861470669	NA	1e+05
ENSG00000249915	9.00923435275509	NA	1e+05
ENSG00000119938	3.67800452290057	NA	1e+05
ENSG00000214042	6.57941450780589	NA	1e+05
ENSG00000120235	6.57941450780589	NA	1e+05
ENSG00000147885	6.37049070413192	NA	1e+05
ENSG00000120242	6.15447872344488	NA	1e+05
ENSG00000234829	6.78190524260123	NA	1e+05
ENSG00000169710	3.67800452290057	NA	1e+05
ENSG00000119927	4.02905208759734	NA	1e+05
ENSG00000248099	3.67800452290057	NA	1e+05
ENSG00000213366	3.67800452290057	NA	1e+05
ENSG00000135503	3.67800452290057	NA	1e+05
ENSG00000125965	5.20148387875557	NA	1e+05
ENSG00000214413	3.67800452290057	NA	1e+05
ENSG00000125124	4.02905208759734	NA	1e+05
ENSG00000126368	4.02905208759734	NA	1e+05
ENSG00000124217	3.67800452290057	NA	1e+05
ENSG00000170231	10.0052540098455	NA	1e+05
ENSG00000163462	5.20148387875557	NA	1e+05
ENSG00000130522	5.20148387875557	NA	1e+05
ENSG00000155903	3.67800452290057	NA	1e+05
ENSG00000172602	7.71504737445591	NA	1e+05
ENSG00000089876	8.85780786474662	NA	1e+05
ENSG00000187676	4.3518736400162	NA	1e+05
ENSG00000186866	4.02905208759734	NA	1e+05
ENSG00000231925	4.93456088085441	NA	1e+05
ENSG00000119782	15.7768817507382	NA	1e+05
ENSG00000273079	12.9515904102128	NA	1e+05
ENSG00000161509	12.8467175068116	NA	1e+05
ENSG00000100359	10.6598698431082	NA	1e+05
ENSG00000100365	9.00923435275509	NA	1e+05
ENSG00000183172	6.15447872344488	NA	1e+05
ENSG00000173171	7.71504737445591	NA	1e+05
ENSG00000136931	11.7466044523031	NA	1e+05
ENSG00000139053	5.69794010578779	NA	1e+05
ENSG00000140470	4.02905208759734	NA	1e+05
ENSG00000134917	3.67800452290057	NA	1e+05
ENSG00000130313	4.3518736400162	NA	1e+05
ENSG00000179151	4.3518736400162	NA	1e+05
ENSG00000070785	8.70374728003241	NA	1e+05
ENSG00000132746	5.93060409260645	NA	1e+05
ENSG00000131408	4.02905208759734	NA	1e+05
ENSG00000141429	4.3518736400162	NA	1e+05
ENSG00000140403	4.3518736400162	NA	1e+05
ENSG00000120694	4.65234861470669	NA	1e+05
ENSG00000107949	18.2423091974052	NA	1e+05
ENSG00000151929	4.3518736400162	NA	1e+05
ENSG00000172508	4.02905208759734	NA	1e+05
ENSG00000168710	8.38714074082942	NA	1e+05
ENSG00000174915	4.65234861470669	NA	1e+05
ENSG00000143797	4.3518736400162	NA	1e+05
ENSG00000158019	6.37049070413192	NA	1e+05
ENSG00000138592	4.02905208759734	NA	1e+05
ENSG00000198700	6.97852292206004	NA	1e+05
ENSG00000164330	3.67800452290057	NA	1e+05
ENSG00000110080	3.67800452290057	NA	1e+05
ENSG00000105701	10.2721076079703	NA	1e+05
ENSG00000163655	4.93456088085441	NA	1e+05
ENSG00000163531	8.54691015868168	NA	1e+05
ENSG00000105755	3.67800452290057	NA	1e+05
ENSG00000105393	5.69794010578779	NA	1e+05
ENSG00000084110	4.3518736400162	NA	1e+05
ENSG00000141568	24.4525070975368	NA	1e+05
ENSG00000101407	3.67800452290057	NA	1e+05
ENSG00000179913	4.3518736400162	NA	1e+05
ENSG00000277632	13.8597830156455	NA	1e+05
ENSG00000112511	12.087156262792	NA	1e+05
ENSG00000109832	7.88844087536913	NA	1e+05
ENSG00000135018	6.78190524260123	NA	1e+05
ENSG00000160216	4.02905208759734	NA	1e+05
ENSG00000162105	4.02905208759734	NA	1e+05
ENSG00000121057	11.0340135687017	NA	1e+05
ENSG00000123143	4.93456088085441	NA	1e+05
ENSG00000204544	4.02905208759734	NA	1e+05
ENSG00000197919	3.67800452290057	NA	1e+05
ENSG00000108479	4.02905208759734	NA	1e+05
ENSG00000170374	6.15447872344488	NA	1e+05
ENSG00000151693	14.3395014735956	NA	1e+05
ENSG00000047365	4.93456088085441	NA	1e+05
ENSG00000115457	11.3958802115756	NA	1e+05
ENSG00000161036	5.93060409260645	NA	1e+05
ENSG00000175634	3.67800452290057	NA	1e+05
ENSG00000204574	4.02905208759734	NA	1e+05
ENSG00000116584	4.3518736400162	NA	1e+05
ENSG00000204899	5.45536231565324	NA	1e+05
ENSG00000168394	5.93060409260645	NA	1e+05
ENSG00000165006	5.45536231565324	NA	1e+05
ENSG00000169752	4.02905208759734	NA	1e+05
ENSG00000089234	3.67800452290057	NA	1e+05
ENSG00000198625	4.93456088085441	NA	1e+05
ENSG00000184916	23.7793730343325	NA	1e+05
ENSG00000166170	4.02905208759734	NA	1e+05
ENSG00000105821	4.02905208759734	NA	1e+05
ENSG00000069667	3.67800452290057	NA	1e+05
ENSG00000120798	10.9107246313065	NA	1e+05
ENSG00000161860	10.0052540098455	NA	1e+05
ENSG00000079277	17.1727760276665	NA	1e+05
ENSG00000175029	6.97852292206004	NA	1e+05
ENSG00000204315	9.59106237281585	NA	1e+05
ENSG00000163435	17.3296082876847	NA	1e+05
ENSG00000179862	16.9348045791533	NA	1e+05
ENSG00000096070	3.67800452290057	NA	1e+05
ENSG00000144852	10.4029677575111	NA	1e+05
ENSG00000134184	6.97852292206004	NA	1e+05
ENSG00000147869	5.93060409260645	NA	1e+05
ENSG00000173960	7.88844087536913	NA	1e+05
ENSG00000164332	3.67800452290057	NA	1e+05
ENSG00000089639	4.3518736400162	NA	1e+05
ENSG00000106069	4.3518736400162	NA	1e+05
ENSG00000134909	4.3518736400162	NA	1e+05
ENSG00000031081	4.3518736400162	NA	1e+05
ENSG00000146376	4.3518736400162	NA	1e+05
ENSG00000124143	4.3518736400162	NA	1e+05
ENSG00000146192	4.3518736400162	NA	1e+05
ENSG00000019995	21.4462674420566	NA	1e+05
ENSG00000155313	9.86912176170884	NA	1e+05
ENSG00000163344	4.93456088085441	NA	1e+05
ENSG00000065882	3.67800452290057	NA	1e+05
ENSG00000137193	13.9570458441201	NA	1e+05
ENSG00000123689	9.86912176170884	NA	1e+05
ENSG00000183762	6.57941450780589	NA	1e+05
ENSG00000158615	4.02905208759734	NA	1e+05
ENSG00000100211	13.8597830156455	NA	1e+05
ENSG00000105176	3.67800452290057	NA	1e+05
ENSG00000129988	10.9107246313065	NA	1e+05
ENSG00000160963	4.3518736400162	NA	1e+05
ENSG00000134317	15.8623939312726	NA	1e+05
ENSG00000148677	14.6197788243714	NA	1e+05
ENSG00000204619	11.2765483345962	NA	1e+05
ENSG00000204616	6.78190524260123	NA	1e+05
ENSG00000128342	10.139558730814	NA	1e+05
ENSG00000173917	3.67800452290057	NA	1e+05
ENSG00000079387	11.9747151559883	NA	1e+05
ENSG00000173846	12.5268320152197	NA	1e+05
ENSG00000228049	15.6909035534185	NA	1e+05
ENSG00000085999	9.73108528856569	NA	1e+05
ENSG00000128915	4.3518736400162	NA	1e+05
ENSG00000111231	15.0753325052556	NA	1e+05
ENSG00000102547	6.97852292206004	NA	1e+05
ENSG00000156509	20.0779972771244	NA	1e+05
ENSG00000130182	9.59106237281585	NA	1e+05
ENSG00000145632	13.4637071946917	NA	1e+05
ENSG00000173535	4.02905208759734	NA	1e+05
ENSG00000089094	15.7768817507382	NA	1e+05
ENSG00000126351	4.02905208759734	NA	1e+05
ENSG00000142082	5.69794010578779	NA	1e+05
ENSG00000143569	3.67800452290057	NA	1e+05
ENSG00000075426	7.71504737445591	NA	1e+05
ENSG00000096063	11.9747151559883	NA	1e+05
ENSG00000140830	13.2612338987065	NA	1e+05
ENSG00000109586	3.67800452290057	NA	1e+05
ENSG00000174473	3.67800452290057	NA	1e+05
ENSG00000152520	9.15815740621212	NA	1e+05
ENSG00000130304	3.67800452290057	NA	1e+05
ENSG00000140835	6.15447872344488	NA	1e+05
ENSG00000114126	7.53766625262778	NA	1e+05
ENSG00000051108	5.45536231565324	NA	1e+05
ENSG00000165660	6.57941450780589	NA	1e+05
ENSG00000164749	10.6598698431082	NA	1e+05
ENSG00000144893	10.5322021257623	NA	1e+05
ENSG00000139620	6.37049070413192	NA	1e+05
ENSG00000119715	11.0340135687017	NA	1e+05
ENSG00000185013	5.93060409260645	NA	1e+05
ENSG00000250741	5.69794010578779	NA	1e+05
ENSG00000087253	4.02905208759734	NA	1e+05
ENSG00000177047	7.16975073679782	NA	1e+05
