CHR_ID	CHR_POS	SNPS	P-VALUE
1	155199139	rs7366775	1E-34
1	155827701	rs72706172	1E-15
1	156119243	rs138554234	4E-15
2	41279749	rs10202299	9E-06
2	43131988	rs12471190	4E-06
3	10265247	rs2544001	5E-06
4	124535968	rs11937064	9E-10
4	184323165	rs793885	2E-06
5	1295234	rs2853669	3E-06
5	40623536	rs114080964	1E-07
5	40790449	rs10074991	3E-30
5	40960176	rs2675982	5E-06
6	27342754	rs9461366	2E-06
6	28172515	rs16893741	2E-06
6	28302807	rs2799081	4E-06
6	29475198	rs77454196	3E-06
6	29722892	rs9258183	1E-05
6	29937675	rs28749114	5E-09
6	30610558	rs2267637	3E-06
6	31390139	rs3128983	4E-06
6	41016523	rs9381024	1E-07
7	17982637	rs11560253	4E-06
8	36806000	rs11775036	7E-06
8	142590254	rs10105842	4E-09
8	142695299	rs2585177	2E-13
9	2177492	rs10491697	5E-06
9	6043593	rs343471	3E-06
10	37513604	rs2475206	8E-06
10	94308190	rs10509670	2E-22
12	58812181	rs11172733	1E-06
13	79669986	rs61291112	9E-06
14	36008748	rs11851309	3E-07
15	40502999	rs999197	1E-06
16	19569299	rs117430025	9E-07
20	10098748	rs6039695	1E-06