NECAP2	rs9435731
MACF1	rs76841360
RNF220	rs4660861
GPBP1L1	rs4660861
FGGY	rs72673419
KCNA2	rs629619
RAP1A	rs629619
EPRS1	rs11118406
DDI2	rs9435731
SPEN	rs9435731
FBXO42	rs9435731
NBPF1	rs9435731
ESPNP	rs9435731
MFAP2	rs9435731
PADI2	rs9435731
PADI1	rs9435731
ARHGEF10L	rs9435731
RRAGC	rs76841360
BMP8A	rs76841360
BMP8B	rs76841360
ERI3	rs4660861
ERI3-IT1	rs4660861
KIF2C	rs4660861
EIF2B3	rs4660861
ZSWIM5	rs4660861
TESK2	rs4660861
MAST2	rs4660861
LINC01358	rs72673419
HOOK1	rs72673419
LINC01748	rs72673419
LOC101926964	rs72673419
GSTM1	rs629619
KCNC4	rs629619
RBM15	rs629619
DRAM2	rs629619
TMIGD3	rs629619
GPATCH2	rs3009947
SPATA17	rs3009947
RRP15	rs3009947
LYPLAL1-DT	rs11118406
LYPLAL1-AS1	rs11118406
RAB3GAP2	rs11118406
MARK1	rs11118406
CHRM3	rs11579382
FMN2	rs11579382
RSC1A1	rs9435731
PLEKHM2	rs9435731
SLC25A34	rs9435731
SLC25A34-AS1	rs9435731
TMEM82	rs9435731
FBLIM1	rs9435731
UQCRHL	rs9435731
FLJ37453	rs9435731
ZBTB17	rs9435731
SRARP	rs9435731
HSPB7	rs9435731
CLCNKA	rs9435731
CLCNKB	rs9435731
FAM131C	rs9435731
EPHA2	rs9435731
ARHGEF19	rs9435731
CPLANE2	rs9435731
SZRD1	rs9435731
SPATA21	rs9435731
LINC01772	rs9435731
CROCCP3	rs9435731
RNU1-1	rs9435731
LINC01783	rs9435731
CROCCP2	rs9435731
MST1P2	rs9435731
RNU1-3	rs9435731
RNU1-4	rs9435731
MST1L	rs9435731
LOC102724562	rs9435731
MIR3675	rs9435731
LOC112267871	rs9435731
LOC105376805	rs9435731
RNU1-2	rs9435731
CROCC	rs9435731
ATP13A2	rs9435731
SDHB	rs9435731
LINC02783	rs9435731
PADI3	rs9435731
MIR3972	rs9435731
PADI4	rs9435731
PADI6	rs9435731
RCC2	rs9435731
LINC01343	rs76841360
LINC01685	rs76841360
MYCBP	rs76841360
GJA9-MYCBP	rs76841360
LOC105378663	rs76841360
GJA9	rs76841360
RHBDL2	rs76841360
AKIRIN1	rs76841360
NDUFS5	rs76841360
KIAA0754	rs76841360
OXCT2P1	rs76841360
PPIEL	rs76841360
PABPC4	rs76841360
PABPC4-AS1	rs76841360
SNORA55	rs76841360
HEYL	rs76841360
NT5C1A	rs76841360
HPCAL4	rs76841360
PPIE	rs76841360
OXCT2	rs76841360
LOC101929536	rs76841360
TRIT1	rs76841360
MYCL	rs76841360
MFSD2A	rs76841360
CAP1	rs76841360
PPT1	rs76841360
SLC6A9	rs4660861
KLF17	rs4660861
KLF18	rs4660861
DMAP1	rs4660861
SNORA110	rs4660861
MIR5584	rs4660861
TMEM53	rs4660861
SNORD145	rs4660861
ARMH1	rs4660861
RNU5F-1	rs4660861
RNU5D-1	rs4660861
SNORD160	rs4660861
RPS8	rs4660861
SNORD55	rs4660861
SNORD46	rs4660861
SNORD38A	rs4660861
SNORD38B	rs4660861
BEST4	rs4660861
PLK3	rs4660861
TCTEX1D4	rs4660861
BTBD19	rs4660861
PTCH2	rs4660861
HECTD3	rs4660861
UROD	rs4660861
LINC01144	rs4660861
HPDL	rs4660861
MUTYH	rs4660861
TOE1	rs4660861
CCDC163	rs4660861
MMACHC	rs4660861
PRDX1	rs4660861
AKR1A1	rs4660861
NASP	rs4660861
CCDC17	rs4660861
RPS15AP10	rs4660861
TMEM69	rs4660861
IPP	rs4660861
HSD52	rs72673419
MIR4711	rs72673419
LOC101926944	rs72673419
CYP2J2	rs72673419
C1orf87	rs72673419
NFIA-AS2	rs72673419
GSTM4	rs629619
GSTM2	rs629619
GSTM5	rs629619
GSTM3	rs629619
EPS8L3	rs629619
CSF1	rs629619
AHCYL1	rs629619
STRIP1	rs629619
ALX3	rs629619
LINC01397	rs629619
UBL4B	rs629619
SLC6A17	rs629619
LINC02586	rs629619
RBM15-AS1	rs629619
SLC16A4	rs629619
LAMTOR5	rs629619
LAMTOR5-AS1	rs629619
PROK1	rs629619
CYMP	rs629619
CYMP-AS1	rs629619
KCNA10	rs629619
KCNA3	rs629619
CD53	rs629619
LRIF1	rs629619
CEPT1	rs629619
DENND2D	rs629619
CHI3L2	rs629619
CHIAP2	rs629619
CHIA	rs629619
PIFO	rs629619
PGBP	rs629619
OVGP1	rs629619
WDR77	rs629619
ATP5PB	rs629619
C1orf162	rs629619
ADORA3	rs629619
LINC01160	rs629619
LOC107985184	rs629619
SPATA17-AS1	rs3009947
LINC00210	rs3009947
LINC01653	rs3009947
TGFB2-AS1	rs3009947
TGFB2	rs3009947
TGFB2-OT1	rs3009947
LINC02869	rs3009947
LINC01710	rs3009947
LYPLAL1	rs11118406
ZC3H11B	rs11118406
SLC30A10	rs11118406
BPNT1	rs11118406
IARS2	rs11118406
MIR215	rs11118406
MIR194-1	rs11118406
MIR664A	rs11118406
SNORA36B	rs11118406
AURKAP1	rs11118406
CHRM3-AS2	rs11579382
CHRM3-AS1	rs11579382
RPS7P5	rs11579382
GREM2	rs11579382
LINC00299	rs955277
FAM49A	rs10929386
ASAP2	rs955277
GALNT13	rs72902175
XRCC5	rs2571445
ERFE	rs62191105
KIDINS220	rs955277
MBOAT2	rs955277
CPSF3	rs955277
GRHL1	rs955277
NBAS	rs10929386
EML4	rs12466981
MTA3	rs12466981
KCNJ3	rs72902175
LINC01876	rs72902175
PECR	rs2571445
MARCHF4	rs2571445
SMARCAL1	rs2571445
DIRC3	rs2571445
TNS1	rs2571445
RHBDD1	rs16825267
COL4A4	rs16825267
COL4A3	rs16825267
MFF	rs16825267
SPHKAP	rs16825267
LINC01807	rs16825267
COL6A3	rs62191105
MLPH	rs62191105
LRRFIP1	rs62191105
RAMP1	rs62191105
UBE2F	rs62191105
UBE2F-SCLY	rs62191105
ASB1	rs62191105
LINC01814	rs955277
ID2-AS1	rs955277
ID2	rs955277
ITGB1BP1	rs955277
IAH1	rs955277
ADAM17	rs955277
YWHAQ	rs955277
TAF1B	rs955277
LRATD1	rs10929386
DDX1	rs10929386
LINC01804	rs10929386
MYCNUT	rs10929386
MYCNOS	rs10929386
MYCN	rs10929386
GACAT3	rs10929386
LINC01913	rs12466981
LINC01914	rs12466981
C2orf91	rs12466981
PKDCC	rs12466981
EML4-AS1	rs12466981
COX7A2L	rs12466981
KCNG3	rs12466981
OXER1	rs12466981
HAAO	rs12466981
LOC100144595	rs72902175
MREG	rs2571445
TMEM169	rs2571445
LINC01963	rs2571445
RPL37A	rs2571445
LINC01280	rs2571445
IGFBP2	rs2571445
IGFBP5	rs2571445
TNP1	rs2571445
LOC105373876	rs2571445
LINC01921	rs2571445
DIRC3-AS1	rs2571445
SNORA115	rs2571445
MIR6809	rs2571445
MFF-DT	rs16825267
TM4SF20	rs16825267
MIR5703	rs16825267
AGFG1	rs16825267
C2orf83	rs16825267
LOC729968	rs16825267
SLC19A3	rs16825267
CCL20	rs16825267
DAW1	rs16825267
LOC93463	rs62191105
COPS8	rs62191105
MIR6811	rs62191105
PRLH	rs62191105
RAB17	rs62191105
RBM44	rs62191105
SCLY	rs62191105
ESPNL	rs62191105
KLHL30	rs62191105
ILKAP	rs62191105
LINC02610	rs62191105
LOC643387	rs62191105
HES6	rs62191105
PER2	rs62191105
TRAF3IP1	rs62191105
LINC01107	rs62191105
LOC100287387	rs62191105
TWIST2	rs62191105
LINC01940	rs62191105
RARB	rs1529672
ATP2B2	rs2442776
ATG7	rs2442776
MKRN2OS	rs2442776
RBMS3	rs13073544
CACNA2D3	rs17759204
ERC2	rs17759204
DENND6A	rs62259026
SEMA5B	rs4093840
EEFSEC	rs2955083
COPG1	rs2955083
MECOM	rs7642001
PHC3	rs7642001
SLC6A11	rs2442776
HRH1	rs2442776
VGLL4	rs2442776
SYN2	rs2442776
PPARG	rs2442776
THRB	rs1529672
TOP2B	rs1529672
NGLY1	rs1529672
ZCWPW2	rs13073544
LINC00693	rs13073544
CACNA2D3-AS1	rs17759204
ARHGEF3	rs62259026
IL17RD	rs62259026
APPL1	rs62259026
DNAH12	rs62259026
SLMAP	rs62259026
FLNB	rs62259026
DNASE1L3	rs62259026
PXK	rs62259026
FAM107A	rs62259026
C3orf67	rs62259026
PARP14	rs4093840
SLC49A4	rs4093840
PDIA5	rs4093840
SEC22A	rs4093840
ADCY5	rs4093840
MYLK-AS1	rs4093840
MYLK	rs4093840
KALRN	rs4093840
MGLL	rs2955083
KBTBD12	rs2955083
RUVBL1	rs2955083
RUVBL1-AS1	rs2955083
DNAJB8-AS1	rs2955083
RAB7A	rs2955083
LOC653712	rs2955083
KIAA1257	rs2955083
ISY1-RAB43	rs2955083
RPL32P3	rs2955083
IFT122	rs2955083
SPSB4	rs7650602
ZBTB38	rs7650602
RASA2	rs7650602
LINC02618	rs7650602
TFDP2	rs7650602
XRN1	rs7650602
ATR	rs7650602
PLS1	rs7650602
EGFEM1P	rs7642001
PRKCI	rs7642001
ATP2B2-IT2	rs2442776
LINC00606	rs2442776
SLC6A1	rs2442776
SLC6A1-AS1	rs2442776
TAMM41	rs2442776
TIMP4	rs2442776
TSEN2	rs2442776
MKRN2	rs2442776
THRB-AS1	rs1529672
RARB-AS1	rs1529672
MIR4442	rs1529672
OXSM	rs1529672
LINC00692	rs1529672
RBMS3-AS3	rs13073544
RBMS3-AS1	rs13073544
ESRG	rs17759204
LRTM1	rs17759204
LINC02017	rs17759204
WNT5A	rs17759204
ERC2-IT1	rs17759204
MIR3938	rs17759204
ARHGEF3-AS1	rs62259026
SPATA12	rs62259026
HESX1	rs62259026
ASB14	rs62259026
LOC105377102	rs62259026
PDE12	rs62259026
ARF4	rs62259026
ARF4-AS1	rs62259026
DENND6A-DT	rs62259026
FLNB-AS1	rs62259026
ABHD6	rs62259026
HTD2	rs62259026
RPP14	rs62259026
PDHB	rs62259026
KCTD6	rs62259026
ACOX2	rs62259026
FAM3D-AS1	rs62259026
FAM3D	rs62259026
HSPBAP1	rs4093840
LINC02035	rs4093840
MIR7110	rs4093840
HACD2	rs4093840
MYLK-AS2	rs4093840
CCDC14	rs4093840
ROPN1	rs4093840
MIR5002	rs4093840
MIR6083	rs4093840
LINC01471	rs2955083
TPRA1	rs2955083
MIR6825	rs2955083
MIR7976	rs2955083
MCM2	rs2955083
PODXL2	rs2955083
ABTB1	rs2955083
SEC61A1	rs2955083
DNAJB8	rs2955083
GATA2	rs2955083
GATA2-AS1	rs2955083
LOC90246	rs2955083
LINC01565	rs2955083
RPN1	rs2955083
MIR12124	rs2955083
ACAD9	rs2955083
EFCC1	rs2955083
GP9	rs2955083
RAB43	rs2955083
ISY1	rs2955083
CNBP	rs2955083
MIR6826	rs2955083
HMCES	rs2955083
H1-10	rs2955083
H1FX-AS1	rs2955083
SNORA7B	rs2955083
EFCAB12	rs2955083
MBD4	rs2955083
SLC25A36	rs7650602
PXYLP1	rs7650602
RNF7	rs7650602
GRK7	rs7650602
ATP1B3	rs7650602
GK5	rs7650602
MIR551B	rs7642001
LINC02082	rs7642001
MECOM-AS1	rs7642001
TERC	rs7642001
ACTRT3	rs7642001
MYNN	rs7642001
LRRC34	rs7642001
LRRIQ4	rs7642001
LRRC31	rs7642001
SAMD7	rs7642001
LOC100128164	rs7642001
SEC62	rs7642001
GPR160	rs7642001
RASSF6	rs4585380
ABCG2	rs7671261
INPP4B	rs13140176
COX18	rs4585380
ANKRD17	rs4585380
AFP	rs4585380
MTHFD2L	rs4585380
EREG	rs4585380
AFF1	rs7671261
PKD2	rs7671261
PPM1K-DT	rs7671261
HERC5	rs7671261
HERC3	rs7671261
FAM13A	rs7671261
CXXC4-AS1	rs34712979
TET2	rs34712979
TET2-AS1	rs34712979
PPA2	rs34712979
ARHGEF38	rs34712979
GSTCD	rs34712979
NPNT	rs34712979
GAB1	rs13140176
SMARCA5	rs13140176
FREM3	rs13140176
LOC101927636	rs13140176
HHIP	rs13140176
ALB	rs4585380
AFM	rs4585380
LINC02499	rs4585380
CXCL8	rs4585380
CXCL6	rs4585380
PF4V1	rs4585380
CXCL1	rs4585380
PF4	rs4585380
PPBP	rs4585380
CXCL5	rs4585380
CXCL3	rs4585380
PPBPP2	rs4585380
CXCL2	rs4585380
EPGN	rs4585380
AREG	rs4585380
BTC	rs4585380
KLHL8	rs7671261
MIR5705	rs7671261
HSD17B13	rs7671261
HSD17B11	rs7671261
NUDT9	rs7671261
SPARCL1	rs7671261
DSPP	rs7671261
DMP1	rs7671261
IBSP	rs7671261
MEPE	rs7671261
SPP1	rs7671261
PPM1K	rs7671261
HERC6	rs7671261
PIGY	rs7671261
PYURF	rs7671261
PIGY-DT	rs7671261
NAP1L5	rs7671261
FAM13A-AS1	rs7671261
CXXC4	rs34712979
ARHGEF38-IT1	rs34712979
INTS12	rs34712979
GSTCD-AS1	rs34712979
LOC105377623	rs13140176
USP38	rs13140176
MIR3139	rs13140176
SMARCA5-AS1	rs13140176
GUSBP5	rs13140176
LOC105377458	rs13140176
GYPE	rs13140176
GYPB	rs13140176
GYPA	rs13140176
HHIP-AS1	rs13140176
ARL15	rs1551943
FCHO2	rs34651
LOC101929710	rs153916
LIX1	rs153916
HTR4	rs10037493
CSNK1A1	rs10037493
LINC01470	rs979453
EBF1	rs10866659
ITGA1	rs1551943
ITGA2	rs1551943
NDUFS4	rs1551943
LINC02105	rs1551943
UTP15	rs34651
ARHGEF28	rs34651
LINC01331	rs34651
FAM81B	rs153916
ARSK	rs153916
SPATA9	rs153916
GLRX	rs153916
ELL2	rs153916
CAST	rs153916
LNPEP	rs153916
AFF4	rs62375246
FSTL4	rs62375246
C5orf15	rs62375246
CDKL3	rs62375246
SAR1B	rs62375246
CAMLG	rs62375246
SPINK5	rs10037493
SPINK6	rs10037493
LOC102546294	rs10037493
SPINK9	rs10037493
SH3TC2	rs10037493
ABLIM3	rs10037493
IL17B	rs10037493
PPARGC1B	rs10037493
PDE6A	rs10037493
HMGXB3	rs10037493
CCDC69	rs979453
LOC105378230	rs979453
SLC36A1	rs979453
ATOX1	rs979453
GLRA1	rs979453
LINC01933	rs979453
NMUR2	rs979453
ITK	rs10866659
CYFIP2	rs10866659
NIPAL4	rs10866659
LINC02227	rs10866659
RANBP17	rs12519165
FBXW11	rs12519165
STK10	rs12519165
UBTD2	rs12519165
SH3PXD2B	rs12519165
NEURL1B	rs12519165
ERGIC1	rs12519165
PELO	rs1551943
MOCS2	rs1551943
LOC257396	rs1551943
FST	rs1551943
MIR581	rs1551943
LINC01033	rs1551943
HSPB3	rs1551943
SNX18	rs1551943
LOC102503427	rs34651
LINC02056	rs34651
TNPO1	rs34651
MIR4804	rs34651
TMEM171	rs34651
LOC105379030	rs34651
TMEM174	rs34651
LOC340090	rs34651
LINC02230	rs34651
FOXD1	rs34651
LINC01386	rs34651
BTF3	rs34651
ANKRA2	rs34651
LINC01335	rs34651
LINC01333	rs34651
TTC37	rs153916
GPR150	rs153916
RFESD	rs153916
RHOBTB3	rs153916
LOC102724720	rs153916
LINC01554	rs153916
MIR583	rs153916
PCSK1	rs153916
ERAP1	rs153916
ERAP2	rs153916
RIOK2	rs153916
SEPTIN8	rs62375246
SOWAHA	rs62375246
SHROOM1	rs62375246
GDF9	rs62375246
UQCRQ	rs62375246
LEAP2	rs62375246
ZCCHC10	rs62375246
HSPA4	rs62375246
MIR1289-2	rs62375246
WSPAR	rs62375246
LOC105379183	rs62375246
VDAC1	rs62375246
TCF7	rs62375246
SKP1	rs62375246
PPP2CA	rs62375246
MIR3661	rs62375246
UBE2B	rs62375246
CDKN2AIPNL	rs62375246
LOC102546229	rs62375246
LINC01843	rs62375246
JADE2	rs62375246
SEC24A	rs62375246
DDX46	rs62375246
SPINK14	rs10037493
MARCOL	rs10037493
SPINK13	rs10037493
SPINK7	rs10037493
FBXO38	rs10037493
ADRB2	rs10037493
MIR584	rs10037493
SH3TC2-DT	rs10037493
AFAP1L1	rs10037493
GRPEL2	rs10037493
GRPEL2-AS1	rs10037493
PCYOX1L	rs10037493
CARMN	rs10037493
MIR143	rs10037493
MIR145	rs10037493
ARHGEF37	rs10037493
MIR378A	rs10037493
LOC644762	rs10037493
SLC26A2	rs10037493
TIGD6	rs10037493
CSF1R	rs10037493
IRGM	rs979453
ZNF300	rs979453
ZNF300P1	rs979453
GPX3	rs979453
TNIP1	rs979453
ANXA6	rs979453
GM2A	rs979453
SLC36A3	rs979453
SLC36A2	rs979453
FAT2	rs979453
MIR6499	rs979453
SPARC	rs979453
CLMAT3	rs979453
LOC100652758	rs979453
G3BP1	rs979453
HAVCR2	rs10866659
MED7	rs10866659
FAM71B	rs10866659
FNDC9	rs10866659
LOC102724404	rs10866659
ADAM19	rs10866659
SOX30	rs10866659
C5orf52	rs10866659
THG1L	rs10866659
LSM11	rs10866659
CLINT1	rs10866659
TLX3	rs12519165
SNORA70J	rs12519165
MIR3912	rs12519165
NPM1	rs12519165
FGF18	rs12519165
SMIM23	rs12519165
EFCAB9	rs12519165
LOC100288254	rs12519165
LINC01944	rs12519165
MIR5003	rs12519165
LOC101928093	rs12519165
DUSP1	rs12519165
MIR10523	rs12519165
LOC100268168	rs12519165
RPL26L1	rs12519165
ATP6V0E1	rs12519165
SNORA74B	rs12519165
F13A1	rs1334576
CAGE1	rs1334576
CDKAL1	rs9350191
CASC15	rs13198656
MICB-DT	rs2070600
HECA	rs646695
LY86-AS1	rs1334576
RREB1	rs1334576
SNRNP48	rs1334576
BMP6	rs1334576
BLOC1S5-TXNDC5	rs1334576
LOC101928519	rs9350191
LOC100506885	rs9350191
MBOAT1	rs9350191
E2F3	rs9350191
LINC00581	rs13198656
LOC105374972	rs13198656
MSH5	rs2070600
MSH5-SAPCD1	rs2070600
EHMT2	rs2070600
TSBP1-AS1	rs2070600
BTNL2	rs2070600
SOBP	rs2806356
SCML4	rs2806356
SEC63	rs2806356
AFG1L	rs2806356
FOXO3	rs2806356
ARMC2	rs2806356
SESN1	rs2806356
CEP57L1	rs2806356
CCDC162P	rs2806356
AK9	rs2806356
GVQW2	rs646695
ECT2L	rs646695
TXLNB	rs646695
FILNC1	rs646695
LOC100507477	rs646695
VTA1	rs9399401
ADGRG6	rs9399401
LOC153910	rs9399401
HIVEP2	rs9399401
LY86	rs1334576
SSR1	rs1334576
RIOK1	rs1334576
DSP	rs1334576
TXNDC5	rs1334576
PIP5K1P1	rs1334576
BLOC1S5	rs1334576
EEF1E1-BLOC1S5	rs1334576
EEF1E1	rs1334576
SCARNA27	rs1334576
LOC105374960	rs9350191
ID4	rs9350191
SOX4	rs13198656
NBAT1	rs13198656
PRL	rs13198656
HDGFL1	rs13198656
HLA-C	rs2070600
LINC02571	rs2070600
HLA-B	rs2070600
MIR6891	rs2070600
MICA-AS1	rs2070600
MICA	rs2070600
LINC01149	rs2070600
HCP5	rs2070600
HCG26	rs2070600
MICB	rs2070600
MCCD1	rs2070600
ATP6V1G2-DDX39B	rs2070600
DDX39B	rs2070600
SNORD117	rs2070600
SNORD84	rs2070600
DDX39B-AS1	rs2070600
ATP6V1G2	rs2070600
NFKBIL1	rs2070600
LOC100287329	rs2070600
LTA	rs2070600
TNF	rs2070600
LTB	rs2070600
LST1	rs2070600
NCR3	rs2070600
AIF1	rs2070600
PRRC2A	rs2070600
SNORA38	rs2070600
MIR6832	rs2070600
BAG6	rs2070600
APOM	rs2070600
C6orf47	rs2070600
GPANK1	rs2070600
CSNK2B	rs2070600
LY6G5B	rs2070600
LY6G5C	rs2070600
ABHD16A	rs2070600
MIR4646	rs2070600
LY6G6F	rs2070600
LY6G6F-LY6G6D	rs2070600
LY6G6E	rs2070600
LY6G6D	rs2070600
LY6G6C	rs2070600
MPIG6B	rs2070600
DDAH2	rs2070600
CLIC1	rs2070600
SAPCD1	rs2070600
SAPCD1-AS1	rs2070600
VWA7	rs2070600
VARS1	rs2070600
LSM2	rs2070600
HSPA1L	rs2070600
HSPA1A	rs2070600
HSPA1B	rs2070600
SNHG32	rs2070600
SNORD48	rs2070600
SNORD52	rs2070600
NEU1	rs2070600
SLC44A4	rs2070600
C2	rs2070600
ZBTB12	rs2070600
C2-AS1	rs2070600
CFB	rs2070600
NELFE	rs2070600
MIR1236	rs2070600
SKIV2L	rs2070600
DXO	rs2070600
STK19	rs2070600
C4A	rs2070600
CYP21A1P	rs2070600
TNXA	rs2070600
C4B	rs2070600
CYP21A2	rs2070600
TNXB	rs2070600
ATF6B	rs2070600
FKBPL	rs2070600
PRRT1	rs2070600
LOC100507547	rs2070600
PPT2	rs2070600
PPT2-EGFL8	rs2070600
EGFL8	rs2070600
AGPAT1	rs2070600
MIR6721	rs2070600
RNF5	rs2070600
MIR6833	rs2070600
AGER	rs2070600
PBX2	rs2070600
GPSM3	rs2070600
NOTCH4	rs2070600
TSBP1	rs2070600
HCG23	rs2070600
HLA-DRA	rs2070600
HLA-DRB5	rs2070600
HLA-DRB6	rs2070600
HLA-DRB1	rs2070600
HLA-DQA1	rs2070600
HLA-DQB1	rs2070600
HLA-DQB1-AS1	rs2070600
HLA-DQA2	rs2070600
MIR3135B	rs2070600
HLA-DQB2	rs2070600
HLA-DOB	rs2070600
TAP2	rs2070600
PSMB8	rs2070600
PSMB8-AS1	rs2070600
TAP1	rs2070600
PSMB9	rs2070600
LOC100294145	rs2070600
HLA-DMB	rs2070600
HLA-DMA	rs2070600
BRD2	rs2070600
HLA-DOA	rs2070600
HLA-DPA1	rs2070600
HLA-DPB1	rs2070600
HLA-DPB2	rs2070600
HCG24	rs2070600
COL11A2	rs2070600
RXRB	rs2070600
SLC39A7	rs2070600
HSD17B8	rs2070600
MIR219A1	rs2070600
RING1	rs2070600
OSTM1	rs2806356
OSTM1-AS1	rs2806356
NR2E1	rs2806356
SNX3	rs2806356
LINC00222	rs2806356
ARMC2-AS1	rs2806356
CD164	rs2806356
PPIL6	rs2806356
SMPD2	rs2806356
MICAL1	rs2806356
ZBTB24	rs2806356
FLJ46906	rs646695
CCDC28A	rs646695
REPS1	rs646695
ABRACL	rs646695
CITED2	rs646695
LINC01625	rs646695
LOC103352541	rs646695
MIR3668	rs646695
NMBR	rs9399401
GJE1	rs9399401
LINC01277	rs9399401
MAD1L1	rs798565
SDK1	rs798565
LINC01162	rs2040732
ZKSCAN1	rs2897075
IQCE	rs798565
AMZ1	rs798565
GNA12	rs798565
CARD11	rs798565
TMEM196	rs2040732
LOC101927668	rs2040732
MACC1	rs2040732
MACC1-AS1	rs2040732
ITGB8	rs2040732
ABCB5	rs2040732
ZNF394	rs2897075
ZSCAN25	rs2897075
ZCWPW1	rs2897075
AGFG2	rs2897075
EPHB4	rs2897075
COL26A1	rs2897075
ELFN1	rs798565
ELFN1-AS1	rs798565
MIR4655	rs798565
SNORA114	rs798565
MRM2	rs798565
NUDT1	rs798565
SNX8	rs798565
MIR6836	rs798565
EIF3B	rs798565
CHST12	rs798565
GRIFIN	rs798565
LFNG	rs798565
MIR4648	rs798565
BRAT1	rs798565
TTYH3	rs798565
LOC100129603	rs798565
TWISTNB	rs2040732
MIR3146	rs2040732
LOC100506098	rs2040732
LOC101927769	rs2040732
LOC101927811	rs2040732
SP8	rs2040732
RPL23P8	rs2040732
PTCD1	rs2897075
ATP5MF-PTCD1	rs2897075
CPSF4	rs2897075
ATP5MF	rs2897075
ZNF789	rs2897075
ZKSCAN5	rs2897075
FAM200A	rs2897075
ZNF655	rs2897075
TMEM225B	rs2897075
CYP3A5	rs2897075
CYP3A7-CYP3A51P	rs2897075
CYP3A7	rs2897075
CYP3A4	rs2897075
CYP3A43	rs2897075
OR2AE1	rs2897075
TRIM4	rs2897075
GJC3	rs2897075
AZGP1	rs2897075
AZGP1P1	rs2897075
LOC105375423	rs2897075
ZSCAN21	rs2897075
ZNF3	rs2897075
COPS6	rs2897075
MCM7	rs2897075
MIR25	rs2897075
MIR93	rs2897075
MIR106B	rs2897075
AP4M1	rs2897075
TAF6	rs2897075
CNPY4	rs2897075
MBLAC1	rs2897075
LAMTOR4	rs2897075
MAP11	rs2897075
MIR4658	rs2897075
GAL3ST4	rs2897075
GPC2	rs2897075
STAG3	rs2897075
CASTOR3	rs2897075
PVRIG	rs2897075
SPDYE3	rs2897075
PMS2P1	rs2897075
STAG3L5P-PVRIG2P-PILRB	rs2897075
STAG3L5P	rs2897075
PVRIG2P	rs2897075
MIR6840	rs2897075
PILRB	rs2897075
PILRA	rs2897075
MEPCE	rs2897075
PPP1R35	rs2897075
C7orf61	rs2897075
TSC22D4	rs2897075
NYAP1	rs2897075
SAP25	rs2897075
ZASP	rs2897075
LRCH4	rs2897075
FBXO24	rs2897075
PCOLCE-AS1	rs2897075
PCOLCE	rs2897075
MOSPD3	rs2897075
TFR2	rs2897075
ACTL6B	rs2897075
LOC105375429	rs2897075
GNB2	rs2897075
GIGYF1	rs2897075
POP7	rs2897075
EPO	rs2897075
ZAN	rs2897075
SLC12A9	rs2897075
SLC12A9-AS1	rs2897075
TRIP6	rs2897075
MIR6875	rs2897075
SRRT	rs2897075
UFSP1	rs2897075
ACHE	rs2897075
MUC3A	rs2897075
MUC12	rs2897075
MUC12-AS1	rs2897075
MUC17	rs2897075
TRIM56	rs2897075
SERPINE1	rs2897075
AP1S1	rs2897075
MIR4653	rs2897075
VGF	rs2897075
NAT16	rs2897075
MOGAT3	rs2897075
PLOD3	rs2897075
ZNHIT1	rs2897075
CLDN15	rs2897075
FIS1	rs2897075
LNCPRESS1	rs2897075
EMSLR	rs2897075
IFT22	rs2897075
TNKS	rs9329170
FAM66E	rs9329170
FAM85B	rs9329170
MFHAS1	rs9329170
ERI1	rs9329170
MIR548I3	rs9329170
FAM86B3P	rs9329170
PRAG1	rs9329170
CLDN23	rs9329170
MIR4660	rs9329170
SNORD3I	rs9329170
PPP1R3B	rs9329170
LOC101929128	rs9329170
LOC157273	rs9329170
MIR597	rs9329170
LINC00599	rs9329170
MIR124-1	rs9329170
TEX48	rs803923
GLIS3	rs10114763
ZNF782	rs10760580
RFX3	rs10114763
RFX3-AS1	rs10114763
AK3	rs10114763
RCL1	rs10114763
JAK2	rs10114763
LINC01239	rs156394
LOC101929563	rs156394
ELAVL2	rs156394
TLE4	rs7866939
LINC01507	rs7866939
FANCC	rs10760580
ERCC6L2	rs10760580
LOC158435	rs10760580
SLC35D2	rs10760580
HABP4	rs10760580
CDC14B	rs10760580
MFSD14C	rs10760580
FAM225B	rs803923
SLC31A1	rs803923
BSPRY	rs803923
RGS3	rs803923
ZNF618	rs803923
COL27A1	rs803923
WHRN	rs803923
LINC01231	rs10114763
GLIS3-AS1	rs10114763
SLC1A1	rs10114763
SPATA6L	rs10114763
PLPP6	rs10114763
CDC37L1-DT	rs10114763
CDC37L1	rs10114763
MIR101-2	rs10114763
IZUMO3	rs156394
LOC101927450	rs7866939
PTCH1	rs10760580
LOC100507346	rs10760580
LINC00476	rs10760580
LINC00092	rs10760580
LOC158434	rs10760580
HSD17B3	rs10760580
HSD17B3-AS1	rs10760580
ZNF367	rs10760580
PRXL2C	rs10760580
LOC441455	rs10760580
ZNF510	rs10760580
LOC100132781	rs10760580
PTMAP11	rs10760580
NUTM2G	rs10760580
CTSV	rs10760580
GAS2L1P2	rs10760580
SLC46A2	rs803923
ZNF883	rs803923
ZFP37	rs803923
FAM225A	rs803923
SLC31A2	rs803923
FKBP15	rs803923
CDC26	rs803923
PRPF4	rs803923
RNF183	rs803923
WDR31	rs803923
HDHD3	rs803923
ALAD	rs803923
POLE3	rs803923
C9orf43	rs803923
AMBP	rs803923
KIF12	rs803923
MIR455	rs803923
ORM1	rs803923
ORM2	rs803923
AKNA	rs803923
ATP6V1G1	rs803923
TMEM268	rs803923
TEX53	rs803923
TNFSF15	rs803923
USP6NL	rs7068966
CAMK1D	rs7068966
LRMDA	rs2579762
KCNMA1	rs721917
ZMIZ1-AS1	rs721917
ARMH3	rs1570221
NT5C2	rs1570221
CELF2	rs7068966
ECHDC3	rs7068966
PROSER2-AS1	rs7068966
UPF2	rs7068966
SEC61A2	rs7068966
CCDC3	rs7068966
MCM10	rs7068966
CAMK2G	rs2579762
VCL	rs2579762
AP3M1	rs2579762
ADK	rs2579762
LOC102723439	rs2579762
KAT6B	rs2579762
LOC101929165	rs2579762
DUPD1	rs2579762
SAMD8	rs2579762
ZNF503	rs2579762
ZNF503-AS1	rs2579762
DLG5	rs721917
ZMIZ1	rs721917
TLX1NB	rs1570221
TLX1	rs1570221
LINC02681	rs1570221
BTRC	rs1570221
FBXW4	rs1570221
OGA	rs1570221
GBF1	rs1570221
SUFU	rs1570221
ARL3	rs1570221
CYP17A1	rs1570221
CNNM2	rs1570221
CELF2-AS1	rs7068966
LOC107984208	rs7068966
PROSER2	rs7068966
DHTKD1	rs7068966
MIR548AK	rs7068966
NUDT5	rs7068966
CDC123	rs7068966
MIR4480	rs7068966
MIR4481	rs7068966
MIR548Q	rs7068966
OPTN	rs7068966
ZSWIM8	rs2579762
ZSWIM8-AS1	rs2579762
NDST2	rs2579762
C10orf55	rs2579762
PLAU	rs2579762
SNORD172	rs2579762
DUSP13	rs2579762
VDAC2	rs2579762
COMTD1	rs2579762
ZNF503-AS2	rs2579762
LOC101929234	rs2579762
MIR606	rs2579762
LOC105378367	rs2579762
KCNMA1-AS3	rs721917
DLG5-AS1	rs721917
POLR3A	rs721917
RPS24	rs721917
LINC00856	rs721917
LINC00595	rs721917
LINC01514	rs1570221
LBX1	rs1570221
LBX1-AS1	rs1570221
POLL	rs1570221
DPCD	rs1570221
MIR3158-2	rs1570221
MIR3158-1	rs1570221
FGF8	rs1570221
NPM3	rs1570221
KCNIP2-AS1	rs1570221
KCNIP2	rs1570221
HPS6	rs1570221
LDB1	rs1570221
PPRC1	rs1570221
NOLC1	rs1570221
ELOVL3	rs1570221
PITX3	rs1570221
NFKB2	rs1570221
PSD	rs1570221
FBXL15	rs1570221
CUEDC2	rs1570221
MIR146B	rs1570221
RPARP-AS1	rs1570221
C10orf95	rs1570221
MFSD13A	rs1570221
ACTR1A	rs1570221
TRIM8	rs1570221
SFXN2	rs1570221
WBP1L	rs1570221
BORCS7-ASMT	rs1570221
BORCS7	rs1570221
AS3MT	rs1570221
LOC107984265	rs1570221
EED	rs117261012
TMEM135	rs117261012
MICAL2	rs4757118
MICALCL	rs4757118
PARVA	rs4757118
TEAD1	rs4757118
ARNTL	rs4757118
SPON1	rs4757118
PICALM	rs117261012
CCDC81	rs117261012
ME3	rs117261012
PRSS23	rs117261012
MIR6124	rs4757118
LINC00958	rs4757118
RASSF10	rs4757118
BTBD10	rs4757118
PTH	rs4757118
FAR1	rs4757118
LINC02548	rs4757118
LINC02545	rs4757118
LINC02683	rs4757118
MIR6755	rs117261012
HIKESHI	rs117261012
OR7E2P	rs117261012
FZD4	rs117261012
FZD4-DT	rs117261012
LINC02711	rs117261012
NR2C1	rs7307510
ARNTL2	rs11049386
PPFIBP1	rs11049386
MANSC4	rs11049386
CCDC91	rs11049386
CEP83	rs7307510
TMCC3	rs7307510
FGD6	rs7307510
VEZT	rs7307510
USP44	rs7307510
NTN4	rs7307510
LOC105369921	rs7307510
LINC02410	rs7307510
AMDHD1	rs7307510
ELK3	rs7307510
CDK17	rs7307510
TBX5	rs7958945
MED13L	rs7958945
MED21	rs11049386
C12orf71	rs11049386
STK38L	rs11049386
ARNTL2-AS1	rs11049386
SMCO2	rs11049386
REP15	rs11049386
MRPS35	rs11049386
KLHL42	rs11049386
PTHLH	rs11049386
LOC729291	rs11049386
CEP83-DT	rs7307510
MIR5700	rs7307510
MIR7844	rs7307510
MIR492	rs7307510
KRT19P2	rs7307510
NDUFA12	rs7307510
MIR331	rs7307510
MIR3685	rs7307510
METAP2	rs7307510
PGAM1P5	rs7307510
SNRPF	rs7307510
CCDC38	rs7307510
HAL	rs7307510
LTA4H	rs7307510
LINC02459	rs7958945
TBX5-AS1	rs7958945
TBX3	rs7958945
ENOX1	rs9525927
TSC22D1	rs9525927
LINC01050	rs9525927
EPSTI1	rs9525927
DNAJC15	rs9525927
CCDC122	rs9525927
LINC00390	rs9525927
SMIM2-AS1	rs9525927
SERP2	rs9525927
LINC00407	rs9525927
FAM216B	rs9525927
LINC00428	rs9525927
LINC00400	rs9525927
ENOX1-AS2	rs9525927
LACC1	rs9525927
NRAD1	rs9525927
SMIM2	rs9525927
SMIM2-IT1	rs9525927
MIR8079	rs9525927
TUSC8	rs9525927
TSC22D1-AS1	rs9525927
TC2N	rs72699855
DGLUCY	rs72699855
CCDC88C	rs72699855
CATSPERB	rs72699855
FBLN5	rs72699855
ATXN3	rs72699855
SLC24A4	rs72699855
RIN3	rs72699855
LGMN	rs72699855
ITPK1	rs72699855
GPR68	rs72699855
PPP4R3A	rs72699855
TRIP11	rs72699855
NDUFB1	rs72699855
CPSF2	rs72699855
GOLGA5	rs72699855
LINC02287	rs72699855
CHGA	rs72699855
ITPK1-AS1	rs72699855
ATP8B4	rs72731149
SECISBP2L	rs72731149
LRRC49	rs1441358
MYO9A	rs1441358
PEAK1	rs55676755
TMED3	rs55676755
FBN1	rs72731149
SHC4	rs72731149
GALK2	rs72731149
FAM227B	rs72731149
DTWD1	rs72731149
GABPB1	rs72731149
TLE3	rs1441358
UACA	rs1441358
THSD4	rs1441358
HMG20A	rs55676755
LINGO1	rs55676755
ACSBG1	rs55676755
IREB2	rs55676755
CHRNA3	rs55676755
MORF4L1	rs55676755
RASGRF1	rs55676755
ANKRD34C-AS1	rs55676755
LOC727751	rs10152300
CPEB1	rs10152300
AP3B2	rs10152300
WHAMM	rs10152300
SH3GL3	rs10152300
ADAMTSL3	rs10152300
CEP152	rs72731149
EID1	rs72731149
COPS2	rs72731149
NDUFAF4P1	rs72731149
MIR4716	rs72731149
FGF7	rs72731149
SLC27A2	rs72731149
HDC	rs72731149
GABPB1-IT1	rs72731149
GABPB1-AS1	rs72731149
MIR4712	rs72731149
MIR629	rs1441358
LINC02205	rs1441358
LINC02204	rs1441358
SALRNA3	rs1441358
SALRNA2	rs1441358
LARP6	rs1441358
THAP10	rs1441358
THSD4-AS1	rs1441358
THSD4-AS2	rs1441358
NR2E3	rs1441358
LOC101929457	rs55676755
LINGO1-AS1	rs55676755
LINGO1-AS2	rs55676755
LOC645752	rs55676755
COMMD4P1	rs55676755
LOC91450	rs55676755
TBC1D2B	rs55676755
SH2D7	rs55676755
CIB2	rs55676755
IDH3A	rs55676755
DNAJA4	rs55676755
WDR61	rs55676755
CRABP1	rs55676755
HYKK	rs55676755
PSMA4	rs55676755
CHRNA5	rs55676755
CHRNB4	rs55676755
LOC646938	rs55676755
ADAMTS7	rs55676755
CTSH	rs55676755
LOC100129540	rs55676755
MIR184	rs55676755
ANKRD34C	rs55676755
GOLGA6L9	rs10152300
GOLGA6L10	rs10152300
UBE2Q2P2	rs10152300
LOC102724034	rs10152300
GOLGA2P10	rs10152300
RPS17	rs10152300
CPEB1-AS1	rs10152300
LOC338963	rs10152300
ACTG1P17	rs10152300
SNHG21	rs10152300
FSD2	rs10152300
SCARNA15	rs10152300
HOMER2	rs10152300
RAMAC	rs10152300
C15orf40	rs10152300
BTBD1	rs10152300
MIR4515	rs10152300
TM6SF1	rs10152300
HDGFL3	rs10152300
BNC1	rs10152300
TMEM170A	rs4888379
ATF7IP2	rs56134392
LOC400499	rs56134392
ADGRG1	rs8044657
CLEC18B	rs4888379
GRIN2A	rs56134392
LINC01290	rs56134392
TEKT5	rs56134392
TVP23A	rs56134392
CIITA	rs56134392
CLEC16A	rs56134392
CETP	rs8044657
CPNE2	rs8044657
CX3CL1	rs8044657
KIFC3	rs8044657
CNGB1	rs8044657
MMP15	rs8044657
CSNK2A2	rs8044657
PRSS54	rs8044657
CNOT1	rs8044657
GLG1	rs4888379
MLKL	rs4888379
WDR59	rs4888379
ZNRF1	rs4888379
CFDP1	rs4888379
CPHXL	rs4888379
EMP2	rs56134392
NUBP1	rs56134392
DEXI	rs56134392
SOCS1	rs56134392
TNP2	rs56134392
PRM3	rs56134392
PRM2	rs56134392
PRM1	rs56134392
MIR548H2	rs56134392
LOC105371083	rs56134392
RMI2	rs56134392
LOC101927131	rs56134392
NLRC5	rs8044657
PSME3IP1	rs8044657
RSPRY1	rs8044657
ARL2BP	rs8044657
PLLP	rs8044657
CCL22	rs8044657
CCL17	rs8044657
CIAPIN1	rs8044657
COQ9	rs8044657
POLR2C	rs8044657
DOK4	rs8044657
CCDC102A	rs8044657
ADGRG5	rs8044657
ADGRG3	rs8044657
DRC7	rs8044657
KATNB1	rs8044657
MIR6772	rs8044657
LOC388282	rs8044657
TEPP	rs8044657
ZNF319	rs8044657
USB1	rs8044657
CFAP20	rs8044657
CCDC113	rs8044657
GINS3	rs8044657
NDRG4	rs8044657
SETD6	rs8044657
SNORA46	rs8044657
SNORA50A	rs8044657
SLC38A7	rs8044657
GOT2	rs8044657
PSMD7	rs4888379
LOC283922	rs4888379
NPIPB15	rs4888379
LOC105376772	rs4888379
RFWD3	rs4888379
FA2H	rs4888379
LDHD	rs4888379
ZFP1	rs4888379
CTRB2	rs4888379
CTRB1	rs4888379
LOC100506281	rs4888379
BCAR1	rs4888379
CHST6	rs4888379
CHST5	rs4888379
TMEM231	rs4888379
GABARAPL2	rs4888379
ADAT1	rs4888379
KARS1	rs4888379
TERF2IP	rs4888379
DUXB	rs4888379
LOC107984974	rs8080772
SMARCE1	rs34727469
EIF1	rs62065216
EZH1	rs62065216
CDC42EP4	rs11655567
SUZ12P1	rs8080772
TEFM	rs8080772
NF1	rs8080772
OMG	rs8080772
RAB11FIP4	rs8080772
SUZ12	rs8080772
RHOT1	rs8080772
PSMD11	rs8080772
MYO1D	rs8080772
ERBB2	rs34727469
IKZF3	rs34727469
PSMD3	rs34727469
WIPF2	rs34727469
KRT26	rs34727469
KRTAP1-3	rs34727469
FKBP10	rs62065216
TTC25	rs62065216
STAT5B	rs62065216
STAT3	rs62065216
ATP6V0A1	rs62065216
TUBG1	rs62065216
LINC00673	rs11655567
SLC39A11	rs11655567
SSTR2	rs11655567
SDK2	rs11655567
TTYH2	rs11655567
CRLF3	rs8080772
ATAD5	rs8080772
ADAP2	rs8080772
RNF135	rs8080772
DPRXP4	rs8080772
LOC646030	rs8080772
MIR4733	rs8080772
EVI2B	rs8080772
EVI2A	rs8080772
MIR4724	rs8080772
MIR193A	rs8080772
MIR4725	rs8080772
MIR365B	rs8080772
COPRS	rs8080772
UTP6	rs8080772
LRRC37B	rs8080772
SH3GL1P1	rs8080772
LOC105371730	rs8080772
ARGFXP2	rs8080772
RHBDL3	rs8080772
C17orf75	rs8080772
MIR632	rs8080772
ZNF207	rs8080772
CDK5R1	rs8080772
CDK12	rs34727469
NEUROD2	rs34727469
PPP1R1B	rs34727469
STARD3	rs34727469
TCAP	rs34727469
PNMT	rs34727469
PGAP3	rs34727469
MIR4728	rs34727469
MIEN1	rs34727469
GRB7	rs34727469
ZPBP2	rs34727469
GSDMB	rs34727469
ORMDL3	rs34727469
LRRC3C	rs34727469
GSDMA	rs34727469
CSF3	rs34727469
MED24	rs34727469
MIR6884	rs34727469
SNORD124	rs34727469
THRA	rs34727469
NR1D1	rs34727469
MSL1	rs34727469
CASC3	rs34727469
MIR6866	rs34727469
RAPGEFL1	rs34727469
MIR6867	rs34727469
CDC6	rs34727469
RARA	rs34727469
RARA-AS1	rs34727469
GJD3	rs34727469
TOP2A	rs34727469
IGFBP4	rs34727469
TNS4	rs34727469
CCR7	rs34727469
KRT222	rs34727469
KRT24	rs34727469
KRT25	rs34727469
KRT27	rs34727469
KRT28	rs34727469
KRT10	rs34727469
TMEM99	rs34727469
KRT12	rs34727469
KRT20	rs34727469
KRT23	rs34727469
KRT39	rs34727469
KRT40	rs34727469
KRTAP3-3	rs34727469
KRTAP3-2	rs34727469
KRTAP3-1	rs34727469
KRTAP1-5	rs34727469
KRTAP1-4	rs34727469
KRTAP1-1	rs34727469
KRTAP2-1	rs34727469
KRTAP2-2	rs34727469
KRTAP2-3	rs34727469
KRTAP2-4	rs34727469
KRTAP4-7	rs34727469
KRTAP4-8	rs34727469
KRTAP4-9	rs34727469
KRTAP4-11	rs34727469
KRTAP4-12	rs34727469
KRTAP4-6	rs34727469
KRTAP4-5	rs34727469
KRTAP4-4	rs34727469
KRTAP4-3	rs34727469
KRTAP4-2	rs34727469
KRTAP4-1	rs34727469
KRTAP9-1	rs34727469
KRTAP9-2	rs62065216
KRTAP9-3	rs62065216
KRTAP9-8	rs62065216
KRTAP9-4	rs62065216
KRTAP9-9	rs62065216
KRTAP9-6	rs62065216
KRTAP9-7	rs62065216
KRTAP29-1	rs62065216
KRTAP16-1	rs62065216
KRTAP17-1	rs62065216
KRT33A	rs62065216
KRT33B	rs62065216
KRT34	rs62065216
KRT31	rs62065216
LOC100505782	rs62065216
KRT37	rs62065216
KRT38	rs62065216
KRT32	rs62065216
KRT35	rs62065216
KRT36	rs62065216
KRT13	rs62065216
KRT15	rs62065216
MIR6510	rs62065216
KRT19	rs62065216
LINC00974	rs62065216
KRT9	rs62065216
KRT14	rs62065216
KRT16	rs62065216
KRT17	rs62065216
KRT42P	rs62065216
GAST	rs62065216
HAP1	rs62065216
JUP	rs62065216
P3H4	rs62065216
NT5C3B	rs62065216
KLHL10	rs62065216
KLHL11	rs62065216
ACLY	rs62065216
CNP	rs62065216
DNAJC7	rs62065216
NKIRAS2	rs62065216
ZNF385C	rs62065216
C17orf113	rs62065216
DHX58	rs62065216
KAT2A	rs62065216
HSPB9	rs62065216
RAB5C	rs62065216
KCNH4	rs62065216
HCRT	rs62065216
GHDC	rs62065216
STAT5A	rs62065216
CAVIN1	rs62065216
MIR548AT	rs62065216
MIR5010	rs62065216
NAGLU	rs62065216
LOC108783654	rs62065216
HSD17B1	rs62065216
COASY	rs62065216
MLX	rs62065216
PSMC3IP	rs62065216
RETREG3	rs62065216
TUBG2	rs62065216
PLEKHH3	rs62065216
CCR10	rs62065216
CNTNAP1	rs62065216
MIR6780A	rs62065216
RAMP2-AS1	rs62065216
RAMP2	rs62065216
VPS25	rs62065216
WNK4	rs62065216
COA3	rs62065216
CNTD1	rs62065216
BECN1	rs62065216
MIR6781	rs62065216
PSME3	rs62065216
AOC2	rs62065216
AOC3	rs62065216
AOC4P	rs62065216
LINC00671	rs62065216
G6PC	rs62065216
LINC02003	rs11655567
LINC00511	rs11655567
COG1	rs11655567
FAM104A	rs11655567
C17orf80	rs11655567
CPSF4L	rs11655567
LOC101928251	rs11655567
LOC100134391	rs11655567
LINC00469	rs11655567
LINC02092	rs11655567
RPL38	rs11655567
MGC16275	rs11655567
PTPRM	rs647097
MTCL1	rs647097
ANKRD12	rs647097
PPP4R1	rs647097
RAB31	rs647097
LOC100192426	rs647097
RAB12	rs647097
GACAT2	rs647097
NDUFV2	rs647097
NDUFV2-AS1	rs647097
TWSG1	rs647097
RALBP1	rs647097
PPP4R1-AS1	rs647097
EML2	rs72626215
NECTIN2	rs72626215
CLPTM1	rs72626215
PPP1R37	rs72626215
SIX5	rs72626215
MYPOP	rs72626215
IGFL2	rs72626215
ZNF235	rs72626215
ZNF112	rs72626215
ZNF285	rs72626215
ZNF229	rs72626215
ZNF180	rs72626215
CEACAM20	rs72626215
CEACAM22P	rs72626215
IGSF23	rs72626215
PVR	rs72626215
MIR4531	rs72626215
CEACAM19	rs72626215
CEACAM16	rs72626215
BCL3	rs72626215
MIR8085	rs72626215
CBLC	rs72626215
BCAM	rs72626215
TOMM40	rs72626215
APOE	rs72626215
APOC1	rs72626215
APOC1P1	rs72626215
APOC4	rs72626215
APOC4-APOC2	rs72626215
APOC2	rs72626215
RELB	rs72626215
CLASRP	rs72626215
ZNF296	rs72626215
GEMIN7	rs72626215
GEMIN7-AS1	rs72626215
NKPD1	rs72626215
TRAPPC6A	rs72626215
BLOC1S3	rs72626215
EXOC3L2	rs72626215
MARK4	rs72626215
CKM	rs72626215
KLC3	rs72626215
ERCC2	rs72626215
PPP1R13L	rs72626215
CD3EAP	rs72626215
ERCC1	rs72626215
MIR6088	rs72626215
FOSB	rs72626215
RTN2	rs72626215
PPM1N	rs72626215
VASP	rs72626215
OPA3	rs72626215
GPR4	rs72626215
MIR330	rs72626215
EML2-AS1	rs72626215
GIPR	rs72626215
MIR642A	rs72626215
MIR642B	rs72626215
SNRPD2	rs72626215
QPCTL	rs72626215
FBXO46	rs72626215
BHMG1	rs72626215
DM1-AS	rs72626215
DMPK	rs72626215
DMWD	rs72626215
RSPH6A	rs72626215
SYMPK	rs72626215
FOXA3	rs72626215
IRF2BP1	rs72626215
NANOS2	rs72626215
NOVA2	rs72626215
CCDC61	rs72626215
MIR769	rs72626215
PGLYRP1	rs72626215
IGFL4	rs72626215
IGFL3	rs72626215
IGFL2-AS1	rs72626215
LOC93429	rs72626215
IGFL1	rs72626215
IFNAR2	rs2096468
HUNK	rs2096468
MRAP	rs2096468
URB1	rs2096468
EVA1C	rs2096468
C21orf59-TCP10L	rs2096468
TCP10L	rs2096468
SYNJ1	rs2096468
CRYZL1	rs2096468
ITSN1	rs2096468
LINC00159	rs2096468
MIS18A	rs2096468
SNORA80A	rs2096468
URB1-AS1	rs2096468
CFAP298	rs2096468
PAXBP1-AS1	rs2096468
PAXBP1	rs2096468
C21orf62-AS1	rs2096468
C21orf62	rs2096468
LINC01690	rs2096468
OLIG2	rs2096468
LINC00945	rs2096468
OLIG1	rs2096468
LOC101928107	rs2096468
LINC01548	rs2096468
IL10RB-DT	rs2096468
IL10RB	rs2096468
IFNAR1	rs2096468
IFNGR2	rs2096468
TMEM50B	rs2096468
DNAJC28	rs2096468
GART	rs2096468
SON	rs2096468
MIR6501	rs2096468
DONSON	rs2096468
ATP5PO	rs2096468
FAM230F	rs9617650
SLC5A1	rs73158393
XKR3	rs9617650
ADA2	rs9617650
CECR2	rs9617650
ATP6V1E1	rs9617650
BID	rs9617650
MICAL3	rs9617650
TUBA8	rs9617650
FAM230E	rs9617650
DGCR5	rs9617650
DGCR9	rs9617650
SFI1	rs73158393
PRR14L	rs73158393
DEPDC5	rs73158393
LINC02558	rs73158393
SLC5A4-AS1	rs73158393
SLC5A4	rs73158393
SYN3	rs73158393
LARGE1	rs73158393
CCT8L2	rs9617650
TPTEP1	rs9617650
ANKRD62P1-PARP4P3	rs9617650
LINC01665	rs9617650
HSFY1P1	rs9617650
GAB4	rs9617650
CECR7	rs9617650
IL17RA	rs9617650
TMEM121B	rs9617650
LINC01664	rs9617650
HDHD5	rs9617650
HDHD5-AS1	rs9617650
CECR3	rs9617650
SLC25A18	rs9617650
LOC101929372	rs9617650
BCL2L13	rs9617650
MIR3198-1	rs9617650
LINC00528	rs9617650
MIR648	rs9617650
LINC01634	rs9617650
PEX26	rs9617650
USP18	rs9617650
FAM230D	rs9617650
GGT3P	rs9617650
LOC102725072	rs9617650
DGCR6	rs9617650
PRODH	rs9617650
PISD	rs73158393
MIR7109	rs73158393
C22orf24	rs73158393
YWHAH	rs73158393
AP1B1P1	rs73158393
C22orf42	rs73158393
RFPL2	rs73158393
RFPL3	rs73158393
RFPL3S	rs73158393
LOC339666	rs73158393
RTCB	rs73158393
BPIFC	rs73158393
FBXO7	rs73158393
TIMP3	rs73158393
LINC01640	rs73158393
MIR4764	rs73158393
