rs34290285	2E-34
rs12469459	5E-12
rs1007027	6E-14
rs874953	7E-10
rs3917339	3E-09
rs72823641	7E-60
rs2302621	1E-19
rs12470864	3E-28
rs13416555	5E-15
rs13022699	1E-10
rs17775170	1E-13
rs10209131	3E-12
rs72825929	8E-10
rs72825990	3E-16
rs1811711	2E-10
rs79337446	3E-10
rs2999076	2E-09
rs9828592	9E-15
rs13097957	2E-08
rs13099273	1E-26
rs55661102	2E-10
rs7626218	2E-10
rs62324212	3E-13
rs45613035	9E-12
rs2069772	8E-11
rs34492353	6E-12
rs4647195	4E-08
rs2855812	2E-10
rs78546106	6E-11
rs35342892	2E-09
rs9372120	2E-09
rs207270	5E-09
rs6908626	5E-15
rs62407927	5E-09
rs116835963	2E-10
rs9270911	1E-27
rs34104805	4E-17
rs73730372	9E-26
rs2395141	3E-10
rs34853064	6E-09
rs13203830	8E-10
rs41288889	2E-09
rs35449774	2E-16
rs3130169	2E-08
rs41316204	2E-12
rs11751024	9E-35
rs9275241	2E-13
rs9273012	3E-16
rs9275602	8E-10
rs6905736	1E-08
rs5743597	2E-09
rs4833103	2E-18
rs75983064	1E-09
rs111066798	1E-20
rs11096954	3E-08
rs13164856	1E-09
rs7713065	2E-15
rs306106	4E-09
rs2162893	4E-17
rs114081163	1E-08
rs149205188	2E-10
rs72799426	1E-09
rs16903574	1E-14
rs9327638	2E-10
rs762534	2E-08
rs17510339	2E-20
rs6894017	3E-27
rs17772583	3E-08
rs249677	1E-09
rs9784725	1E-12
rs7730817	1E-09
rs7714962	6E-09
rs2289278	2E-08
rs1837253	3E-35
rs62375550	6E-09
rs529876593	1E-08
rs1799964	1E-11
rs2855811	1E-09
rs55743914	3E-10
rs3819720	2E-08
rs6918558	2E-09
rs574560492	5E-08
rs6954667	7E-09
rs3757727	1E-10
rs10262599	8E-09
rs2390314	2E-08
rs78823938	9E-09
rs10244416	1E-13
rs13279820	5E-14
rs4739738	6E-17
rs4733778	3E-09
rs150707349	4E-08
rs117137535	1E-09
rs1929933	9E-11
rs76962799	3E-23
rs10815376	6E-26
rs146597587	1E-10
rs928412	3E-59
rs55645596	6E-14
rs72699185	1E-10
rs371454	3E-37
rs75557055	8E-09
rs544253	1E-10
rs274943	1E-10
rs12379291	3E-10
rs117248841	3E-09
rs7918084	8E-12
rs12722547	4E-09
rs17363282	3E-16
rs10737105	1E-14
rs1612986	2E-24
rs12413578	4E-21
rs1444782	4E-18
rs7894791	2E-12
rs10791824	7E-18
rs497916	8E-09
rs11236797	3E-47
rs61894547	6E-44
rs7106446	3E-09
rs61892804	5E-08
rs12365699	1E-14
rs2017759	2E-15
rs3197153	5E-14
rs6592657	5E-08
rs7936275	3E-09
rs2213020	1E-13
rs10836538	2E-08
rs6592651	9E-12
rs2618070	2E-11
rs1696390	5E-12
rs11065286	2E-13
rs705699	9E-17
rs3024971	4E-15
rs17547610	8E-11
rs3122929	4E-25
rs62623446	4E-09
rs4772189	3E-12
rs912425	2E-09
rs2208397	1E-09
rs17103286	5E-09
rs10152593	8E-12
rs56336520	5E-09
rs1965139	1E-08
rs34986765	5E-18
rs56062135	3E-33
rs12912010	2E-12
rs28617673	2E-09
rs6498169	9E-12
rs17804800	3E-08
rs36045143	3E-20
rs2066844	5E-09
rs8052566	4E-08
rs3785356	4E-16
rs75763833	4E-09
rs61584523	6E-09
rs11648656	2E-08
rs28406364	5E-13
rs1044977	3E-08
rs10468514	2E-11
rs78625142	2E-08
rs141908043	2E-09
rs35142265	2E-17
rs143669790	2E-20
rs114211283	4E-14
rs146459536	7E-34
rs145835664	8E-23
rs3764354	2E-22
rs111935829	9E-09
rs12600751	1E-21
rs11651596	2E-124
rs59843584	4E-18
rs2302776	3E-30
rs6503533	7E-30
rs3152	3E-11
rs76144645	2E-10
rs75097049	3E-08
rs1552458	1E-09
rs11871317	8E-12
rs150597587	3E-11
rs17676191	3E-08
rs11658582	6E-13
rs4795402	6E-30
rs140907835	3E-11
rs56308324	1E-09
rs939348	3E-11
rs112037479	5E-08
rs1893958	3E-10
rs115515961	3E-08
rs12964116	1E-22
rs4574025	2E-12
rs2918300	1E-08
rs892225	2E-11
rs117710327	5E-12
rs9611573	3E-08
rs2070901	3E-09
rs12023876	7E-12
rs35665093	3E-12
rs61816761	4E-73
rs72702900	1E-30
rs12123821	4E-55
rs71625139	3E-17
rs55875222	5E-25
rs150597413	9E-13
rs12144049	2E-27
rs138726443	2E-10
rs1552994	1E-13
rs145282902	8E-13
rs11588970	2E-10
rs115813648	3E-28
rs3828058	6E-18
rs10864360	4E-09
rs4845604	2E-13
rs11811856	1E-11
rs535153283	2E-10
rs1199156	6E-10
rs78037977	1E-09
rs859725	1E-08
rs6755248	9E-09
rs141343442	4E-09